Site,Unit_ID,Pasture_Type,Treatment,Burn_Year,Year,Month,Time,Date,Bird_Spp,Common_Name,Num_Birds,Distance,Temp,Times_Surveyed,Comments
ABS-UF,Tropical_East_Block_2_Sector_3,IMP,ASP,2019,2021,4,11:02:15 AM,4/13/2021,NOBO,Northern Bobwhite,2,90,54,4,
ABS-UF,Winter_3_Block_Sector_3,SN,ASP,2018,2021,5,11:02:40 AM,5/7/2021,NOBO,Northern Bobwhite,1,46,69,4,
ABS-UF,Summer_3_Block_Sector_2,IMP,BAU,2017,2021,6,11:30:53 AM,6/3/2021,NOBO,Northern Bobwhite,1,45,69,4,
ABS-UF,Summer_3_Block_Sector_2,IMP,BAU,2017,2021,5,11:38:55 AM,5/6/2021,NOBO,Northern Bobwhite,1,75,70,4,
ABS-UF,Tropical_East_Block_1_Sector_2,IMP,BAU,2017,2021,6,10:31:59 AM,6/1/2021,NOBO,Northern Bobwhite,1,59,65,4,
ABS-UF,Summer_3_Block_Sector_3,IMP,BAU,2017,2021,6,11:45:54 AM,6/3/2021,NOBO,Northern Bobwhite,1,85,70,4,
ABS-UF,Tropical_East_Block_1_Sector_1,IMP,BAU,2017,2021,6,10:19:55 AM,6/1/2021,NOBO,Northern Bobwhite,1,73,65,4,
ABS-UF,Summer_3_Block_Sector_3,IMP,BAU,2017,2021,5,11:50:18 AM,5/6/2021,NOBO,Northern Bobwhite,1,58,70,4,
ABS-UF,Summer_6_Block_Sector_2,IMP,ASP,2019,2021,6,10:44:57 AM,6/3/2021,NOBO,Northern Bobwhite,1,89,67,4,
ABS-UF,Shop_Field_Block_Sector_3,IMP,BAU,2017,2021,4,12:23:33 PM,4/5/2021,NOBO,Northern Bobwhite,1,85,57,4,
ABS-UF,West_Marsh_Block_4_Sector_3,SN,BAU,2017,2021,4,11:58:38 AM,4/6/2021,NOBO,Northern Bobwhite,1,74,51,4,
ABS-UF,Summer_6_Block_Sector_1,IMP,ASP,2018,2021,4,11:54:55 AM,4/9/2021,NOBO,Northern Bobwhite,1,65,58,4,
ABS-UF,Winter_6_Block_Sector_2,SN,BAU,2017,2021,6,10:41:10 AM,6/2/2021,NOBO,Northern Bobwhite,1,80,67,4,
ABS-UF,Winter_6_Block_Sector_3,SN,BAU,2017,2021,5,11:30:56 AM,5/7/2021,NOBO,Northern Bobwhite,1,26,74,4,
ABS-UF,Winter_6_Block_Sector_3,SN,BAU,2017,2021,4,12:50:07 PM,4/5/2021,NOBO,Northern Bobwhite,1,43,60,4,
ABS-UF,Tropical_East_Block_1_Sector_3,IMP,BAU,2017,2021,5,11:40:31 AM,5/3/2021,NOBO,Northern Bobwhite,1,18,71,4,
ABS-UF,West_Marsh_Block_2_Sector_1,SN,BAU,2017,2021,7,12:19:57 PM,7/12/2021,NOBO,Northern Bobwhite,2,24,75,4,
ABS-UF,Summer_6_Block_Sector_1,IMP,ASP,2018,2021,4,11:55:36 AM,4/9/2021,NOBO,Northern Bobwhite,1,95,58,4,
ABS-UF,West_Marsh_Block_3_Sector_1,SN,ASP,2019,2021,6,10:39:49 AM,6/4/2021,NOBO,Northern Bobwhite,1,25,69,4,survey start delayed due to fog
ABS-UF,West_Marsh_Block_3_Sector_3,SN,ASP,2017,2021,4,11:09:19 AM,4/6/2021,NOBO,Northern Bobwhite,1,64,52,4,
ABS-UF,Summer_6_Block_Sector_3,IMP,ASP,2017,2021,4,12:31:36 PM,4/9/2021,NOBO,Northern Bobwhite,1,46,60,4,
ABS-UF,Tropical_West_Block_1_Sector_3,IMP,BAU,2017,2021,6,12:26:17 PM,6/1/2021,NOBO,Northern Bobwhite,1,43,67,4,
ABS-UF,West_Marsh_Block_3_Sector_1,SN,ASP,2019,2021,4,10:55:23 AM,4/6/2021,NOBO,Northern Bobwhite,1,76,52,4,
ABS-UF,Tropical_West_Block_1_Sector_3,IMP,BAU,2017,2021,6,12:28:10 PM,6/1/2021,NOBO,Northern Bobwhite,1,52,67,4,
ABS-UF,West_Marsh_Block_2_Sector_2,SN,BAU,2017,2021,5,11:59:56 AM,5/10/2021,NOBO,Northern Bobwhite,1,65,65,4,
ABS-UF,Summer_3_Block_Sector_1,IMP,BAU,2017,2021,4,11:46:01 AM,4/7/2021,NOBO,Northern Bobwhite,1,75,52,4,
ABS-UF,Tropical_West_Block_1_Sector_1,IMP,BAU,2017,2021,5,11:10:31 AM,5/3/2021,NOBO,Northern Bobwhite,1,67,71,4,limpkin outside 100
ABS-UF,Summer_3_Block_Sector_1,IMP,BAU,2017,2021,6,11:18:08 AM,6/3/2021,NOBO,Northern Bobwhite,1,93,68,4,
ABS-UF,Tropical_East_Block_2_Sector_2,IMP,ASP,2018,2021,4,10:51:11 AM,4/13/2021,NOBO,Northern Bobwhite,1,80,55,4,
ABS-UF,Tropical_East_Block_2_Sector_2,IMP,ASP,2018,2021,4,10:53:43 AM,4/13/2021,NOBO,Northern Bobwhite,1,35,55,4,
ABS-UF,Summer_3_Block_Sector_1,IMP,BAU,2017,2021,5,11:27:38 AM,5/6/2021,NOBO,Northern Bobwhite,1,82,70,4,survey delayed due to fog
ABS-UF,Summer_3_Block_Sector_2,IMP,BAU,2017,2021,4,12:01:33 PM,4/7/2021,NOBO,Northern Bobwhite,1,95,53,4,
ABS-UF,Tropical_East_Block_2_Sector_3,IMP,ASP,2019,2021,5,12:47:51 PM,5/3/2021,NOBO,Northern Bobwhite,1,77,76,4,
ABS-UF,Summer_3_Block_Sector_2,IMP,BAU,2017,2021,5,11:36:53 AM,5/6/2021,NOBO,Northern Bobwhite,1,64,70,4,
ABS-UF,Summer_3_Block_Sector_1,IMP,BAU,2017,2021,4,11:47:23 AM,4/7/2021,NOBO,Northern Bobwhite,2,80,52,4,
ABS-UF,West_Marsh_Block_1_Sector_3,SN,ASP,2018,2021,4,12:10:41 PM,4/8/2021,NOBO,Northern Bobwhite,2,75,56,4,
ABS-UF,Tropical_East_Block_2_Sector_3,IMP,ASP,2019,2021,7,10:34:07 AM,7/1/2021,NOBO,Northern Bobwhite,1,93,73,4,
ABS-UF,Winter_6_Block_Sector_3,SN,BAU,2017,2021,5,11:34:04 AM,5/7/2021,RWBL,Red-winged Blackbird,1,70,74,4,
ABS-UF,Tropical_West_Block_1_Sector_3,IMP,BAU,2017,2021,5,10:32:51 AM,5/3/2021,RWBL,Red-winged Blackbird,1,63,69,4,limpkin outside 100m
ABS-UF,Winter_6_Block_Sector_3,SN,BAU,2017,2021,6,10:25:07 AM,6/2/2021,RWBL,Red-winged Blackbird,1,70,67,4,
ABS-UF,Tropical_West_Block_1_Sector_3,IMP,BAU,2017,2021,5,10:36:34 AM,5/3/2021,RWBL,Red-winged Blackbird,1,47,69,4,limpkin outside 100m
ABS-UF,Winter_3_Block_Sector_2,SN,ASP,2019,2021,7,11:52:43 AM,7/2/2021,RWBL,Red-winged Blackbird,2,33,75,4,
ABS-UF,Tropical_West_Block_1_Sector_2,IMP,BAU,2017,2021,5,10:51:39 AM,5/3/2021,RWBL,Red-winged Blackbird,1,79,70,4,
ABS-UF,Winter_6_Block_Sector_3,SN,BAU,2017,2021,4,12:49:25 PM,4/5/2021,RWBL,Red-winged Blackbird,1,84,60,4,
ABS-UF,Tropical_West_Block_1_Sector_2,IMP,BAU,2017,2021,4,11:59:52 AM,4/13/2021,RWBL,Red-winged Blackbird,1,37,57,4,
ABS-UF,Tropical_West_Block_1_Sector_1,IMP,BAU,2017,2021,4,11:48:36 AM,4/13/2021,RWBL,Red-winged Blackbird,3,43,55,4,
ABS-UF,Winter_6_Block_Sector_2,SN,BAU,2017,2021,6,10:40:45 AM,6/2/2021,RWBL,Red-winged Blackbird,1,86,67,4,
ABS-UF,Tropical_West_Block_1_Sector_1,IMP,BAU,2017,2021,7,11:59:39 AM,7/1/2021,RWBL,Red-winged Blackbird,2,41,75,4,
ABS-UF,Winter_3_Block_Sector_2,SN,ASP,2019,2021,5,10:46:47 AM,5/7/2021,RWBL,Red-winged Blackbird,1,68,69,4,
ABS-UF,Winter_6_Block_Sector_2,SN,BAU,2017,2021,6,10:42:44 AM,6/2/2021,RWBL,Red-winged Blackbird,1,44,67,4,
ABS-UF,Tropical_West_Block_1_Sector_1,IMP,BAU,2017,2021,6,1:05:44 PM,6/1/2021,RWBL,Red-winged Blackbird,1,76,69,4,
ABS-UF,Winter_6_Block_Sector_2,SN,BAU,2017,2021,7,10:43:58 AM,7/2/2021,RWBL,Red-winged Blackbird,1,97,73,4,
ABS-UF,Tropical_West_Block_1_Sector_3,IMP,BAU,2017,2021,6,12:26:47 PM,6/1/2021,RWBL,Red-winged Blackbird,1,30,67,4,
ABS-UF,Tropical_West_Block_1_Sector_2,IMP,BAU,2017,2021,4,12:01:28 PM,4/13/2021,RWBL,Red-winged Blackbird,1,37,57,4,
ABS-UF,Tropical_West_Block_1_Sector_3,IMP,BAU,2017,2021,4,12:16:11 PM,4/13/2021,RWBL,Red-winged Blackbird,1,30,59,4,
ABS-UF,Tropical_West_Block_1_Sector_3,IMP,BAU,2017,2021,7,11:27:48 AM,7/1/2021,RWBL,Red-winged Blackbird,1,83,74,4,
ABS-UF,Tropical_West_Block_1_Sector_2,IMP,BAU,2017,2021,5,10:49:43 AM,5/3/2021,RWBL,Red-winged Blackbird,1,43,70,4,
ABS-UF,Winter_6_Block_Sector_3,SN,BAU,2017,2021,7,10:27:57 AM,7/2/2021,RWBL,Red-winged Blackbird,1,74,73,4,
ABS-UF,Tropical_West_Block_1_Sector_2,IMP,BAU,2017,2021,7,11:43:56 AM,7/1/2021,RWBL,Red-winged Blackbird,1,46,75,4,
ABS-UF,Tropical_West_Block_1_Sector_3,IMP,BAU,2017,2021,4,12:13:04 PM,4/13/2021,RWBL,Red-winged Blackbird,3,64,59,4,
ABS-UF,Tropical_West_Block_1_Sector_2,IMP,BAU,2017,2021,6,12:44:46 PM,6/1/2021,RWBL,Red-winged Blackbird,1,46,68,4,"very tall veg, hard to see"
ABS-UF,Tropical_West_Block_1_Sector_2,IMP,BAU,2017,2021,4,12:04:17 PM,4/13/2021,RWBL,Red-winged Blackbird,1,15,57,4,
ABS-UF,Tropical_West_Block_1_Sector_3,IMP,BAU,2017,2021,7,11:23:47 AM,7/1/2021,RWBL,Red-winged Blackbird,1,40,74,4,
ABS-UF,Tropical_West_Block_1_Sector_2,IMP,BAU,2017,2021,5,10:48:00 AM,5/3/2021,RWBL,Red-winged Blackbird,1,81,70,4,
ABS-UF,Tropical_West_Block_1_Sector_2,IMP,BAU,2017,2021,4,12:02:44 PM,4/13/2021,RWBL,Red-winged Blackbird,1,17,57,4,
ABS-UF,Tropical_West_Block_2_Sector_1,IMP,ASP,2018,2021,6,1:10:45 PM,6/8/2021,RWBL,Red-winged Blackbird,1,62,75,4,
ABS-UF,Winter_6_Block_Sector_3,SN,BAU,2017,2021,4,12:48:55 PM,4/5/2021,RWBL,Red-winged Blackbird,1,55,60,4,
ABS-UF,Winter_3_Block_Sector_3,SN,ASP,2018,2021,5,11:05:23 AM,5/7/2021,RWBL,Red-winged Blackbird,2,58,69,4,
ABS-UF,Winter_6_Block_Sector_1,SN,BAU,2017,2021,7,11:03:36 AM,7/2/2021,RWBL,Red-winged Blackbird,1,45,74,4,
ABS-UF,Tropical_West_Block_1_Sector_1,IMP,BAU,2017,2021,6,1:01:47 PM,6/1/2021,RWBL,Red-winged Blackbird,1,28,69,4,
ABS-UF,Tropical_East_Block_1_Sector_1,IMP,BAU,2017,2021,6,10:18:24 AM,6/1/2021,RWBL,Red-winged Blackbird,1,20,65,4,
ABS-UF,Winter_3_Block_Sector_1,SN,ASP,2017,2021,6,11:46:28 AM,6/2/2021,RWBL,Red-winged Blackbird,1,97,69,4,
ABS-UF,Winter_3_Block_Sector_1,SN,ASP,2017,2021,4,12:46:26 PM,4/6/2021,RWBL,Red-winged Blackbird,8,49,55,4,
ABS-UF,Winter_3_Block_Sector_3,SN,ASP,2018,2021,5,11:02:15 AM,5/7/2021,RWBL,Red-winged Blackbird,1,12,69,4,
ABS-UF,Tropical_West_Block_1_Sector_1,IMP,BAU,2017,2021,5,11:06:50 AM,5/3/2021,RWBL,Red-winged Blackbird,1,62,71,4,limpkin outside 100
ABS-UF,Winter_3_Block_Sector_1,SN,ASP,2017,2021,4,12:49:23 PM,4/6/2021,RWBL,Red-winged Blackbird,1,79,55,4,
ABS-UF,Summer_3_Block_Sector_3,IMP,BAU,2017,2021,7,10:50:35 AM,7/8/2021,RWBL,Red-winged Blackbird,1,76,75,4,limpkin outside 100m
ABS-UF,Summer_6_Block_Sector_2,IMP,ASP,2019,2021,5,12:29:20 PM,5/6/2021,RWBL,Red-winged Blackbird,1,59,71,4,
ABS-UF,Winter_3_Block_Sector_3,SN,ASP,2018,2021,6,12:13:31 PM,6/2/2021,RWBL,Red-winged Blackbird,2,26,71,4,
ABS-UF,Winter_3_Block_Sector_3,SN,ASP,2018,2021,5,11:03:34 AM,5/7/2021,RWBL,Red-winged Blackbird,1,50,69,4,
ABS-UF,West_Marsh_Block_1_Sector_2,SN,ASP,2019,2021,7,11:14:19 AM,7/12/2021,RWBL,Red-winged Blackbird,1,91,73,4,
ABS-UF,Summer_3_Block_Sector_3,IMP,BAU,2017,2021,7,10:52:43 AM,7/8/2021,RWBL,Red-winged Blackbird,1,84,75,4,limpkin outside 100m
ABS-UF,Summer_3_Block_Sector_3,IMP,BAU,2017,2021,4,12:13:46 PM,4/7/2021,RWBL,Red-winged Blackbird,1,92,54,4,
ABS-UF,Winter_3_Block_Sector_3,SN,ASP,2018,2021,4,1:13:49 PM,4/6/2021,RWBL,Red-winged Blackbird,1,80,61,4,
ABS-UF,Winter_3_Block_Sector_3,SN,ASP,2018,2021,6,12:16:22 PM,6/2/2021,RWBL,Red-winged Blackbird,2,87,71,4,
ABS-UF,Winter_6_Block_Sector_2,SN,BAU,2017,2021,5,11:50:12 AM,5/7/2021,RWBL,Red-winged Blackbird,1,99,71,4,
ABS-UF,Winter_3_Block_Sector_2,SN,ASP,2019,2021,4,12:59:42 PM,4/6/2021,RWBL,Red-winged Blackbird,1,82,61,4,
ABS-UF,Tropical_West_Block_1_Sector_1,IMP,BAU,2017,2021,6,1:02:09 PM,6/1/2021,RWBL,Red-winged Blackbird,1,19,69,4,
ABS-UF,Winter_6_Block_Sector_1,SN,BAU,2017,2021,5,12:06:56 PM,5/7/2021,RWBL,Red-winged Blackbird,1,67,72,4,
ABS-UF,Tropical_West_Block_1_Sector_1,IMP,BAU,2017,2021,6,1:02:30 PM,6/1/2021,RWBL,Red-winged Blackbird,1,26,69,4,
ABS-UF,Summer_3_Block_Sector_1,IMP,BAU,2017,2021,4,11:46:56 AM,4/7/2021,RWBL,Red-winged Blackbird,1,94,52,4,
ABS-UF,Winter_3_Block_Sector_1,SN,ASP,2017,2021,4,12:48:43 PM,4/6/2021,RWBL,Red-winged Blackbird,1,84,55,4,
ABS-UF,Tropical_West_Block_1_Sector_1,IMP,BAU,2017,2021,6,1:03:00 PM,6/1/2021,RWBL,Red-winged Blackbird,1,52,69,4,
ABS-UF,Winter_6_Block_Sector_1,SN,BAU,2017,2021,7,11:02:54 AM,7/2/2021,RWBL,Red-winged Blackbird,1,63,74,4,
ABS-UF,Tropical_West_Block_1_Sector_1,IMP,BAU,2017,2021,4,11:48:02 AM,4/13/2021,RWBL,Red-winged Blackbird,1,58,55,4,
ABS-UF,Summer_6_Block_Sector_1,IMP,ASP,2018,2021,4,11:54:20 AM,4/9/2021,RWBL,Red-winged Blackbird,1,55,58,4,
ABS-UF,West_Marsh_Block_2_Sector_2,SN,BAU,2017,2021,6,11:03:30 AM,6/8/2021,RWBL,Red-winged Blackbird,2,38,70,4,
ABS-UF,Tropical_West_Block_1_Sector_1,IMP,BAU,2017,2021,7,12:00:26 PM,7/1/2021,RWBL,Red-winged Blackbird,1,55,75,4,
ABS-UF,West_Marsh_Block_2_Sector_2,SN,BAU,2017,2021,6,11:06:07 AM,6/8/2021,RWBL,Red-winged Blackbird,1,73,70,4,
ABS-UF,Tropical_West_Block_1_Sector_1,IMP,BAU,2017,2021,5,11:08:54 AM,5/3/2021,RWBL,Red-winged Blackbird,1,39,71,4,limpkin outside 100
ABS-UF,Winter_6_Block_Sector_1,SN,BAU,2017,2021,5,12:02:47 PM,5/7/2021,RWBL,Red-winged Blackbird,1,19,72,4,
ABS-UF,Winter_6_Block_Sector_1,SN,BAU,2017,2021,7,11:02:09 AM,7/2/2021,RWBL,Red-winged Blackbird,1,46,74,4,
ABS-UF,Winter_6_Block_Sector_3,SN,BAU,2017,2021,6,10:23:00 AM,6/2/2021,RWBL,Red-winged Blackbird,1,54,67,4,
ABS-UF,Summer_6_Block_Sector_2,IMP,ASP,2019,2021,6,10:45:23 AM,6/3/2021,MODO,Mourning Dove,1,89,67,4,
ABS-UF,West_Marsh_Block_1_Sector_3,SN,ASP,2018,2021,5,11:37:01 AM,5/10/2021,MODO,Mourning Dove,2,65,67,4,
ABS-UF,West_Marsh_Block_1_Sector_3,SN,ASP,2018,2021,6,11:38:45 AM,6/8/2021,MODO,Mourning Dove,1,68,72,4,
ABS-UF,West_Marsh_Block_2_Sector_1,SN,BAU,2017,2021,6,10:53:51 AM,6/8/2021,MODO,Mourning Dove,2,68,70,4,
ABS-UF,Winter_6_Block_Sector_2,SN,BAU,2017,2021,5,11:47:11 AM,5/7/2021,MODO,Mourning Dove,1,80,71,4,
ABS-UF,West_Marsh_Block_4_Sector_2,SN,BAU,2017,2021,4,11:37:27 AM,4/6/2021,MODO,Mourning Dove,1,57,51,4,
ABS-UF,East_Marsh_Block_1_Sector_1,SN,ASP,2019,2021,7,12:07:37 PM,7/8/2021,MODO,Mourning Dove,2,91,75,4,
ABS-UF,East_Marsh_Block_1_Sector_3,SN,ASP,2017,2021,6,12:29:35 PM,6/3/2021,MODO,Mourning Dove,1,68,75,4,
ABS-UF,Winter_3_Block_Sector_3,SN,ASP,2018,2021,7,12:03:50 PM,7/2/2021,COYE,Common Yellowthroat,1,23,75,4,blue grosbeak heard outside 100m
ABS-UF,Winter_3_Block_Sector_3,SN,ASP,2018,2021,6,12:12:42 PM,6/2/2021,COYE,Common Yellowthroat,1,55,71,4,
ABS-UF,West_Marsh_Block_2_Sector_2,SN,BAU,2017,2021,7,12:00:10 PM,7/12/2021,COYE,Common Yellowthroat,1,68,72,4,limpkin outside 100m
ABS-UF,West_Marsh_Block_2_Sector_1,SN,BAU,2017,2021,6,10:49:51 AM,6/8/2021,COYE,Common Yellowthroat,1,71,70,4,
ABS-UF,East_Marsh_Block_2_Sector_2,SN,BAU,2017,2021,4,11:00:00 AM,4/9/2021,COYE,Common Yellowthroat,1,65,56,4,
ABS-UF,East_Marsh_Block_2_Sector_2,SN,BAU,2017,2021,4,10:56:35 AM,4/9/2021,COYE,Common Yellowthroat,1,45,56,4,
ABS-UF,Tropical_West_Block_1_Sector_1,IMP,BAU,2017,2021,4,11:46:20 AM,4/13/2021,COYE,Common Yellowthroat,1,50,55,4,
ABS-UF,West_Marsh_Block_3_Sector_3,SN,ASP,2017,2021,5,11:44:44 AM,5/5/2021,AMCR,American Crow,3,40,71,4,
ABS-UF,Tropical_East_Block_1_Sector_3,IMP,BAU,2017,2021,4,12:38:58 PM,4/13/2021,AMCR,American Crow,1,97,62,4,
ABS-UF,East_Marsh_Block_1_Sector_3,SN,ASP,2017,2021,4,11:12:18 AM,4/7/2021,AMCR,American Crow,2,92,51,4,
ABS-UF,West_Marsh_Block_4_Sector_2,SN,BAU,2017,2021,5,11:02:04 AM,5/5/2021,AMCR,American Crow,1,78,69,4,
ABS-UF,West_Marsh_Block_4_Sector_3,SN,BAU,2017,2021,4,11:54:23 AM,4/6/2021,AMCR,American Crow,2,30,51,4,
ABS-UF,West_Marsh_Block_2_Sector_3,SN,BAU,2017,2021,7,12:11:01 PM,7/12/2021,AMCR,American Crow,3,74,75,4,limpkin outside 100m
ABS-UF,West_Marsh_Block_2_Sector_3,SN,BAU,2017,2021,4,12:57:35 PM,4/8/2021,AMCR,American Crow,1,82,64,4,
ABS-UF,Winter_3_Block_Sector_1,SN,ASP,2017,2021,7,11:44:11 AM,7/2/2021,NOMO,Northern Mockingbird,1,71,75,4,
ABS-UF,West_Marsh_Block_1_Sector_3,SN,ASP,2018,2021,4,12:11:22 PM,4/8/2021,RBWO,Red-bellied Woodpecker,1,62,56,4,
ABS-UF,West_Marsh_Block_4_Sector_3,SN,BAU,2017,2021,6,11:28:31 AM,6/4/2021,RBWO,Red-bellied Woodpecker,1,76,70,4,
ABS-UF,East_Marsh_Block_1_Sector_3,SN,ASP,2017,2021,7,12:19:21 PM,7/8/2021,RBWO,Red-bellied Woodpecker,1,82,75,4,
ABS-UF,West_Marsh_Block_2_Sector_3,SN,BAU,2017,2021,5,12:15:20 PM,5/10/2021,RBWO,Red-bellied Woodpecker,2,68,65,4,
ABS-UF,West_Marsh_Block_2_Sector_3,SN,BAU,2017,2021,6,10:33:41 AM,6/8/2021,RBWO,Red-bellied Woodpecker,1,68,70,4,survey delayed due to fog
ABS-UF,West_Marsh_Block_2_Sector_3,SN,BAU,2017,2021,6,10:34:43 AM,6/8/2021,RBWO,Red-bellied Woodpecker,1,27,70,4,survey delayed due to fog
ABS-UF,West_Marsh_Block_2_Sector_3,SN,BAU,2017,2021,4,12:56:00 PM,4/8/2021,RBWO,Red-bellied Woodpecker,1,88,64,4,
ABS-UF,East_Marsh_Block_1_Sector_3,SN,ASP,2017,2021,4,11:11:31 AM,4/7/2021,RBWO,Red-bellied Woodpecker,1,90,51,4,
ABS-UF,Griffin_Park_Block_Sector_2,IMP,ASP,2019,2021,5,12:55:38 PM,5/4/2021,SACR,Sandhill Crane,1,73,77,4,
ABS-UF,Griffin_Park_Block_Sector_2,IMP,ASP,2019,2021,6,11:27:40 AM,6/7/2021,SACR,Sandhill Crane,2,39,76,4,
ABS-UF,Griffin_Park_Block_Sector_2,IMP,ASP,2019,2021,5,12:54:43 PM,5/4/2021,SACR,Sandhill Crane,2,89,77,4,
ABS-UF,West_Marsh_Block_2_Sector_2,SN,BAU,2017,2021,6,11:04:50 AM,6/8/2021,CARW,Carolina Wren,1,53,70,4,
ABS-UF,Tropical_West_Block_2_Sector_3,IMP,ASP,2017,2021,6,12:56:25 PM,6/8/2021,CAEG,Cattle Egret,1,90,75,4,
ABS-UF,West_Marsh_Block_2_Sector_1,SN,BAU,2017,2021,5,12:25:20 PM,5/10/2021,COGD,Common Ground Dove,1,27,67,4,
ABS-UF,Winter_3_Block_Sector_3,SN,ASP,2018,2021,4,1:17:15 PM,4/6/2021,COGD,Common Ground Dove,1,42,61,4,
ABS-UF,West_Marsh_Block_1_Sector_2,SN,ASP,2019,2021,5,10:50:23 AM,5/10/2021,COGD,Common Ground Dove,2,19,67,4,survey delayed due to fog
ABS-UF,West_Marsh_Block_2_Sector_1,SN,BAU,2017,2021,5,12:28:09 PM,5/10/2021,COGD,Common Ground Dove,1,37,67,4,
ABS-UF,Winter_3_Block_Sector_3,SN,ASP,2018,2021,4,1:16:33 PM,4/6/2021,COGD,Common Ground Dove,1,10,61,4,
ABS-UF,West_Marsh_Block_1_Sector_1,SN,ASP,2017,2021,5,11:16:07 AM,5/10/2021,COGD,Common Ground Dove,1,57,65,4,
ABS-UF,West_Marsh_Block_1_Sector_3,SN,ASP,2018,2021,6,11:42:50 AM,6/8/2021,NOCA,Northern Cardinal,1,70,72,4,
ABS-UF,Winter_3_Block_Sector_2,SN,ASP,2019,2021,5,10:46:00 AM,5/7/2021,NOCA,Northern Cardinal,2,72,69,4,
ABS-UF,West_Marsh_Block_4_Sector_2,SN,BAU,2017,2021,6,12:02:28 PM,6/4/2021,NOCA,Northern Cardinal,1,71,72,4,
ABS-UF,West_Marsh_Block_4_Sector_2,SN,BAU,2017,2021,5,11:04:23 AM,5/5/2021,NOCA,Northern Cardinal,2,41,69,4,
ABS-UF,West_Marsh_Block_4_Sector_3,SN,BAU,2017,2021,6,11:29:00 AM,6/4/2021,NOCA,Northern Cardinal,1,26,70,4,
ABS-UF,West_Marsh_Block_3_Sector_3,SN,ASP,2017,2021,6,10:58:42 AM,6/4/2021,NOCA,Northern Cardinal,2,66,69,4,
ABS-UF,West_Marsh_Block_1_Sector_1,SN,ASP,2017,2021,5,11:18:33 AM,5/10/2021,BOBO,Bobolink,2,76,65,4,
ABS-UF,Winter_6_Block_Sector_3,SN,BAU,2017,2021,4,12:48:21 PM,4/5/2021,SEWR,Sedge Wren,2,59,60,4,
ABS-UF,Griffin_Park_Block_Sector_3,IMP,ASP,2018,2021,4,11:10:31 AM,4/5/2021,SEWR,Sedge Wren,1,93,56,4,
ABS-UF,West_Marsh_Block_4_Sector_2,SN,BAU,2017,2021,4,11:39:21 AM,4/6/2021,SEWR,Sedge Wren,1,60,51,4,
ABS-UF,Tropical_West_Block_1_Sector_3,IMP,BAU,2017,2021,4,12:12:31 PM,4/13/2021,SAVS,Savannah Sparrow,1,41,59,4,
ABS-UF,Summer_6_Block_Sector_1,IMP,ASP,2018,2021,4,11:57:28 AM,4/9/2021,SAVS,Savannah Sparrow,1,37,58,4,
ABS-UF,Summer_6_Block_Sector_2,IMP,ASP,2019,2021,4,12:10:34 PM,4/9/2021,SAVS,Savannah Sparrow,1,66,60,4,
ABS-UF,Summer_3_Block_Sector_3,IMP,BAU,2017,2021,4,12:16:22 PM,4/7/2021,SAVS,Savannah Sparrow,1,46,54,4,
ABS-UF,Shop_Field_Block_Sector_1,IMP,BAU,2017,2021,4,12:04:34 PM,4/5/2021,SAVS,Savannah Sparrow,1,34,57,4,
ABS-UF,Summer_3_Block_Sector_2,IMP,BAU,2017,2021,4,12:01:09 PM,4/7/2021,SAVS,Savannah Sparrow,2,13,53,4,
ABS-UF,West_Marsh_Block_1_Sector_2,SN,ASP,2019,2021,4,11:59:50 AM,4/8/2021,SAVS,Savannah Sparrow,2,41,55,4,
ABS-UF,West_Marsh_Block_1_Sector_2,SN,ASP,2019,2021,4,12:01:05 PM,4/8/2021,SAVS,Savannah Sparrow,1,69,55,4,
ABS-UF,West_Marsh_Block_1_Sector_3,SN,ASP,2018,2021,4,12:13:20 PM,4/8/2021,SAVS,Savannah Sparrow,1,41,56,4,
ABS-UF,Winter_3_Block_Sector_2,SN,ASP,2019,2021,6,11:57:22 AM,6/2/2021,PIWO,Pileated Woodpecker,2,65,71,4,
ABS-UF,East_Marsh_Block_1_Sector_3,SN,ASP,2017,2021,4,11:12:00 AM,4/7/2021,WITU,Wild Turkey,1,60,51,4,
ABS-UF,Shop_Field_Block_Sector_1,IMP,BAU,2017,2021,7,11:15:41 AM,7/9/2021,BTGR,Boat-tailed Grackle,2,,75,4,limpkin outside 100m
ABS-UF,Winter_3_Block_Sector_2,SN,ASP,2019,2021,6,12:00:11 PM,6/2/2021,BTGR,Boat-tailed Grackle,1,85,71,4,
ABS-UF,Summer_6_Block_Sector_1,IMP,ASP,2018,2021,7,11:14:58 AM,7/8/2021,MODU,Mottled Duck,2,74,75,4,limpkin outside 100m
ABS-UF,West_Marsh_Block_2_Sector_1,SN,BAU,2017,2021,5,12:26:41 PM,5/10/2021,TUVU,Turkey Vulture,1,86,67,4,
ABS-UF,West_Marsh_Block_2_Sector_1,SN,BAU,2017,2021,5,12:31:16 PM,5/10/2021,GREG,Great Egret,1,82,67,4,
ABS-UF,West_Marsh_Block_2_Sector_3,SN,BAU,2017,2021,4,1:00:55 PM,4/8/2021,PAWA,Palm Warbler,1,72,64,4,
ABS-UF,Winter_3_Block_Sector_1,SN,ASP,2017,2021,4,12:47:49 PM,4/6/2021,PAWA,Palm Warbler,1,74,55,4,
ABS-UF,West_Marsh_Block_1_Sector_1,SN,ASP,2017,2021,4,11:45:35 AM,4/8/2021,PAWA,Palm Warbler,1,41,54,4,
ABS-UF,West_Marsh_Block_1_Sector_1,SN,ASP,2017,2021,4,11:41:39 AM,4/8/2021,HOWR,House Wren,1,41,54,4,
ABS-UF,West_Marsh_Block_2_Sector_2,SN,BAU,2017,2021,4,12:33:18 PM,4/8/2021,HOWR,House Wren,1,29,59,4,
ABS-UF,Winter_3_Block_Sector_3,SN,ASP,2018,2021,4,1:15:03 PM,4/6/2021,HOWR,House Wren,1,25,61,4,
ABS-UF,West_Marsh_Block_3_Sector_3,SN,ASP,2017,2021,4,11:14:22 AM,4/6/2021,HOWR,House Wren,1,25,52,4,
ABS-UF,West_Marsh_Block_2_Sector_2,SN,BAU,2017,2021,4,12:34:21 PM,4/8/2021,HOWR,House Wren,1,41,59,4,
ABS-UF,West_Marsh_Block_2_Sector_1,SN,BAU,2017,2021,7,12:19:32 PM,7/12/2021,CRCA,Crested Caracara,1,74,75,4,
ABS-UF,Tropical_East_Block_1_Sector_1,IMP,BAU,2017,2021,6,10:22:23 AM,6/1/2021,CRCA,Crested Caracara,1,99,65,4,
ABS-UF,East_Marsh_Block_2_Sector_3,SN,BAU,2017,2021,5,11:38:48 AM,5/4/2021,CRCA,Crested Caracara,1,58,71,4,"cows in pasture, limpkin outside 100m"
ABS-UF,Tropical_East_Block_2_Sector_2,IMP,ASP,2018,2021,7,10:46:56 AM,7/1/2021,BUOW,Burrowing Owl,1,74,73,4,
ABS-UF,Tropical_East_Block_2_Sector_2,IMP,ASP,2018,2021,6,11:37:07 AM,6/1/2021,BUOW,Burrowing Owl,1,67,65,4,
ABS-UF,West_Marsh_Block_1_Sector_1,SN,ASP,2017,2021,7,11:31:18 AM,7/12/2021,BBWD,Black-bellied Whistling Duck,1,99,73,4,
ABS-UF,Tropical_West_Block_1_Sector_2,IMP,BAU,2017,2021,6,12:46:45 PM,6/1/2021,COGA,Common Gallinule,2,28,68,4,"very tall veg, hard to see"
ABS-UF,Tropical_West_Block_1_Sector_2,IMP,BAU,2017,2021,5,10:55:39 AM,5/3/2021,COGA,Common Gallinule,1,13,70,4,
ABS-UF,Tropical_West_Block_1_Sector_2,IMP,BAU,2017,2021,7,11:46:37 AM,7/1/2021,COGA,Common Gallinule,1,34,75,4,
ABS-UF,Tropical_West_Block_2_Sector_1,IMP,ASP,2018,2021,4,11:11:52 AM,4/8/2021,AMKE,American Kestrel,1,98,52,4,on fenceline
ABS-UF,Tropical_West_Block_1_Sector_2,IMP,BAU,2017,2021,5,10:50:06 AM,5/3/2021,Other,Species not listed above,1,40,70,4,
ABS-UF,Shop_Field_Block_Sector_1,IMP,BAU,2017,2021,7,11:13:05 AM,7/9/2021,EAME,Eastern Meadowlark,1,85,75,4,limpkin outside 100m
ABS-UF,Tropical_East_Block_2_Sector_3,IMP,ASP,2019,2021,4,11:01:25 AM,4/13/2021,EAME,Eastern Meadowlark,1,88,54,4,
ABS-UF,Shop_Field_Block_Sector_1,IMP,BAU,2017,2021,4,11:53:54 AM,4/5/2021,EAME,Eastern Meadowlark,2,25,56,4,
ABS-UF,Tropical_East_Block_2_Sector_3,IMP,ASP,2019,2021,7,10:32:57 AM,7/1/2021,EAME,Eastern Meadowlark,1,99,73,4,
ABS-UF,Tropical_East_Block_2_Sector_3,IMP,ASP,2019,2021,5,12:44:28 PM,5/3/2021,EAME,Eastern Meadowlark,1,82,76,4,
ABS-UF,Shop_Field_Block_Sector_1,IMP,BAU,2017,2021,4,11:52:26 AM,4/5/2021,EAME,Eastern Meadowlark,1,84,56,4,
ABS-UF,Tropical_East_Block_2_Sector_2,IMP,ASP,2018,2021,5,12:57:39 PM,5/3/2021,EAME,Eastern Meadowlark,1,67,76,4,Osprey outside 100m
ABS-UF,Shop_Field_Block_Sector_1,IMP,BAU,2017,2021,4,12:04:04 PM,4/5/2021,EAME,Eastern Meadowlark,1,83,57,4,
ABS-UF,Shop_Field_Block_Sector_1,IMP,BAU,2017,2021,4,12:05:44 PM,4/5/2021,EAME,Eastern Meadowlark,1,74,57,4,
ABS-UF,Tropical_East_Block_2_Sector_2,IMP,ASP,2018,2021,5,12:56:10 PM,5/3/2021,EAME,Eastern Meadowlark,1,47,76,4,Osprey outside 100m
ABS-UF,Shop_Field_Block_Sector_1,IMP,BAU,2017,2021,6,12:44:45 PM,6/7/2021,EAME,Eastern Meadowlark,1,55,80,4,
ABS-UF,Tropical_East_Block_2_Sector_3,IMP,ASP,2019,2021,6,11:20:02 AM,6/1/2021,EAME,Eastern Meadowlark,1,77,65,4,
ABS-UF,Shop_Field_Block_Sector_1,IMP,BAU,2017,2021,5,10:46:28 AM,5/4/2021,EAME,Eastern Meadowlark,1,77,72,4,survey delayed due to fog
ABS-UF,Tropical_East_Block_2_Sector_3,IMP,ASP,2019,2021,4,11:04:54 AM,4/13/2021,EAME,Eastern Meadowlark,1,46,54,4,
ABS-UF,Shop_Field_Block_Sector_1,IMP,BAU,2017,2021,6,12:45:28 PM,6/7/2021,EAME,Eastern Meadowlark,2,46,80,4,
ABS-UF,Tropical_East_Block_2_Sector_3,IMP,ASP,2019,2021,6,11:23:39 AM,6/1/2021,EAME,Eastern Meadowlark,1,100,65,4,
ABS-UF,Tropical_East_Block_2_Sector_3,IMP,ASP,2019,2021,6,11:20:58 AM,6/1/2021,EAME,Eastern Meadowlark,1,70,65,4,
ABS-UF,Shop_Field_Block_Sector_1,IMP,BAU,2017,2021,5,10:47:32 AM,5/4/2021,EAME,Eastern Meadowlark,1,65,72,4,survey delayed due to fog
ABS-UF,Shop_Field_Block_Sector_1,IMP,BAU,2017,2021,5,10:45:56 AM,5/4/2021,EAME,Eastern Meadowlark,1,45,72,4,survey delayed due to fog
ABS-UF,Shop_Field_Block_Sector_1,IMP,BAU,2017,2021,4,11:51:34 AM,4/5/2021,EAME,Eastern Meadowlark,1,62,56,4,
ABS-UF,Tropical_East_Block_2_Sector_3,IMP,ASP,2019,2021,6,11:21:30 AM,6/1/2021,EAME,Eastern Meadowlark,1,76,65,4,
ABS-UF,West_Marsh_Block_4_Sector_3,SN,BAU,2017,2021,6,11:31:00 AM,6/4/2021,EAME,Eastern Meadowlark,1,91,70,4,
ABS-UF,Shop_Field_Block_Sector_1,IMP,BAU,2017,2021,4,12:09:01 PM,4/5/2021,EAME,Eastern Meadowlark,1,87,57,4,
ABS-UF,Tropical_East_Block_2_Sector_3,IMP,ASP,2019,2021,6,11:22:10 AM,6/1/2021,EAME,Eastern Meadowlark,1,38,65,4,
ABS-UF,Tropical_West_Block_2_Sector_3,IMP,ASP,2017,2021,4,10:56:27 AM,4/8/2021,EAME,Eastern Meadowlark,1,47,52,4,
ABS-UF,Tropical_West_Block_2_Sector_1,IMP,ASP,2018,2021,5,1:22:10 PM,5/10/2021,EAME,Eastern Meadowlark,2,45,74,4,
ABS-UF,Tropical_West_Block_2_Sector_1,IMP,ASP,2018,2021,7,10:37:39 AM,7/12/2021,EAME,Eastern Meadowlark,1,58,73,4,limpkin outside 100m
ABS-UF,Tropical_West_Block_2_Sector_1,IMP,ASP,2018,2021,4,11:13:45 AM,4/8/2021,EAME,Eastern Meadowlark,1,85,52,4,
ABS-UF,Tropical_West_Block_2_Sector_1,IMP,ASP,2018,2021,6,1:09:54 PM,6/8/2021,EAME,Eastern Meadowlark,1,31,75,4,
ABS-UF,Tropical_West_Block_2_Sector_3,IMP,ASP,2017,2021,5,1:03:02 PM,5/10/2021,EAME,Eastern Meadowlark,1,47,73,4,
ABS-UF,Tropical_West_Block_2_Sector_3,IMP,ASP,2017,2021,7,10:21:21 AM,7/12/2021,EAME,Eastern Meadowlark,1,37,73,4,limpkin outside 100m
ABS-UF,Tropical_West_Block_2_Sector_3,IMP,ASP,2017,2021,5,1:07:28 PM,5/10/2021,EAME,Eastern Meadowlark,1,97,73,4,
ABS-UF,Shop_Field_Block_Sector_3,IMP,BAU,2017,2021,6,1:08:48 PM,6/7/2021,EAME,Eastern Meadowlark,1,5,80,4,
ABS-UF,Tropical_West_Block_2_Sector_3,IMP,ASP,2017,2021,6,12:53:34 PM,6/8/2021,EAME,Eastern Meadowlark,2,74,75,4,
ABS-UF,Tropical_West_Block_2_Sector_1,IMP,ASP,2018,2021,7,10:34:14 AM,7/12/2021,EAME,Eastern Meadowlark,1,61,73,4,limpkin outside 100m
ABS-UF,Tropical_West_Block_2_Sector_3,IMP,ASP,2017,2021,6,12:54:56 PM,6/8/2021,EAME,Eastern Meadowlark,1,100,75,4,
ABS-UF,Tropical_West_Block_2_Sector_3,IMP,ASP,2017,2021,6,12:54:15 PM,6/8/2021,EAME,Eastern Meadowlark,1,40,75,4,
ABS-UF,Tropical_West_Block_2_Sector_3,IMP,ASP,2017,2021,5,1:05:30 PM,5/10/2021,EAME,Eastern Meadowlark,1,58,73,4,
ABS-UF,Tropical_West_Block_2_Sector_3,IMP,ASP,2017,2021,5,1:05:03 PM,5/10/2021,EAME,Eastern Meadowlark,1,42,73,4,
ABS-UF,Tropical_West_Block_2_Sector_3,IMP,ASP,2017,2021,4,10:55:58 AM,4/8/2021,EAME,Eastern Meadowlark,1,30,52,4,
ABS-UF,Tropical_West_Block_2_Sector_3,IMP,ASP,2017,2021,7,10:22:41 AM,7/12/2021,EAME,Eastern Meadowlark,1,70,73,4,limpkin outside 100m
ABS-UF,Tropical_West_Block_2_Sector_3,IMP,ASP,2017,2021,5,1:06:27 PM,5/10/2021,EAME,Eastern Meadowlark,1,44,73,4,
ABS-UF,Griffin_Park_Block_Sector_2,IMP,ASP,2019,2021,7,10:45:01 AM,7/9/2021,EAME,Eastern Meadowlark,1,40,75,4,
ABS-UF,Tropical_West_Block_2_Sector_3,IMP,ASP,2017,2021,4,10:55:22 AM,4/8/2021,EAME,Eastern Meadowlark,1,47,52,4,
ABS-UF,Tropical_East_Block_2_Sector_1,IMP,ASP,2017,2021,4,11:17:01 AM,4/13/2021,EAME,Eastern Meadowlark,1,50,54,4,
ABS-UF,Shop_Field_Block_Sector_1,IMP,BAU,2017,2021,6,12:58:35 PM,6/7/2021,EAME,Eastern Meadowlark,2,97,80,4,
ABS-UF,Shop_Field_Block_Sector_1,IMP,BAU,2017,2021,7,11:24:41 AM,7/9/2021,EAME,Eastern Meadowlark,1,59,75,4,limpkin outside 100m
ABS-UF,Shop_Field_Block_Sector_3,IMP,BAU,2017,2021,5,11:15:19 AM,5/4/2021,EAME,Eastern Meadowlark,1,71,72,4,limpkin outside 100
ABS-UF,Shop_Field_Block_Sector_3,IMP,BAU,2017,2021,6,1:09:24 PM,6/7/2021,EAME,Eastern Meadowlark,1,74,80,4,
ABS-UF,Shop_Field_Block_Sector_3,IMP,BAU,2017,2021,5,11:14:10 AM,5/4/2021,EAME,Eastern Meadowlark,1,63,72,4,limpkin outside 100
ABS-UF,Shop_Field_Block_Sector_3,IMP,BAU,2017,2021,5,11:14:54 AM,5/4/2021,EAME,Eastern Meadowlark,1,48,72,4,limpkin outside 100
ABS-UF,Shop_Field_Block_Sector_3,IMP,BAU,2017,2021,7,11:38:32 AM,7/9/2021,EAME,Eastern Meadowlark,1,76,75,4,limpkin outside 100m
ABS-UF,Shop_Field_Block_Sector_3,IMP,BAU,2017,2021,6,1:10:39 PM,6/7/2021,EAME,Eastern Meadowlark,1,52,80,4,
ABS-UF,Tropical_West_Block_2_Sector_1,IMP,ASP,2018,2021,5,1:22:56 PM,5/10/2021,EAME,Eastern Meadowlark,1,86,74,4,
ABS-UF,Shop_Field_Block_Sector_3,IMP,BAU,2017,2021,5,11:12:24 AM,5/4/2021,EAME,Eastern Meadowlark,2,74,72,4,limpkin outside 100
ABS-UF,Tropical_West_Block_2_Sector_1,IMP,ASP,2018,2021,4,11:09:51 AM,4/8/2021,EAME,Eastern Meadowlark,1,51,52,4,
ABS-UF,West_Marsh_Block_3_Sector_1,SN,ASP,2019,2021,5,11:33:37 AM,5/5/2021,EAME,Eastern Meadowlark,1,50,70,4,
ABS-UF,West_Marsh_Block_3_Sector_1,SN,ASP,2019,2021,6,10:37:57 AM,6/4/2021,EAME,Eastern Meadowlark,2,53,69,4,survey start delayed due to fog
ABS-UF,West_Marsh_Block_3_Sector_1,SN,ASP,2019,2021,7,12:30:56 PM,7/6/2021,EAME,Eastern Meadowlark,2,89,75,4,limpkin outside 100m
ABS-UF,Winter_6_Block_Sector_2,SN,BAU,2017,2021,4,1:06:44 PM,4/5/2021,EAME,Eastern Meadowlark,1,44,61,4,
ABS-UF,Tropical_West_Block_2_Sector_1,IMP,ASP,2018,2021,7,10:33:19 AM,7/12/2021,EAME,Eastern Meadowlark,1,41,73,4,limpkin outside 100m
ABS-UF,Tropical_West_Block_2_Sector_1,IMP,ASP,2018,2021,5,1:23:44 PM,5/10/2021,EAME,Eastern Meadowlark,1,38,74,4,
ABS-UF,Tropical_West_Block_2_Sector_1,IMP,ASP,2018,2021,6,1:12:20 PM,6/8/2021,EAME,Eastern Meadowlark,1,97,75,4,
ABS-UF,Shop_Field_Block_Sector_1,IMP,BAU,2017,2021,5,11:00:20 AM,5/4/2021,EAME,Eastern Meadowlark,1,87,72,4,limpkin outside 100m
ABS-UF,Shop_Field_Block_Sector_3,IMP,BAU,2017,2021,7,11:39:00 AM,7/9/2021,EAME,Eastern Meadowlark,1,88,75,4,limpkin outside 100m
ABS-UF,Tropical_East_Block_1_Sector_1,IMP,BAU,2017,2021,4,1:05:59 PM,4/13/2021,EAME,Eastern Meadowlark,1,74,65,4,
ABS-UF,Tropical_East_Block_2_Sector_1,IMP,ASP,2017,2021,7,10:21:18 AM,7/1/2021,EAME,Eastern Meadowlark,1,27,72,4,
ABS-UF,Tropical_East_Block_1_Sector_3,IMP,BAU,2017,2021,4,12:40:01 PM,4/13/2021,EAME,Eastern Meadowlark,1,79,62,4,
ABS-UF,Tropical_East_Block_1_Sector_3,IMP,BAU,2017,2021,6,10:45:19 AM,6/1/2021,EAME,Eastern Meadowlark,1,81,65,4,
ABS-UF,Tropical_East_Block_1_Sector_3,IMP,BAU,2017,2021,4,12:38:32 PM,4/13/2021,EAME,Eastern Meadowlark,1,21,62,4,
ABS-UF,Tropical_East_Block_1_Sector_3,IMP,BAU,2017,2021,5,11:42:07 AM,5/3/2021,EAME,Eastern Meadowlark,2,75,71,4,
ABS-UF,Tropical_East_Block_1_Sector_3,IMP,BAU,2017,2021,5,11:41:28 AM,5/3/2021,EAME,Eastern Meadowlark,1,98,71,4,
ABS-UF,Tropical_East_Block_1_Sector_3,IMP,BAU,2017,2021,6,10:47:38 AM,6/1/2021,EAME,Eastern Meadowlark,1,57,65,4,
ABS-UF,Tropical_East_Block_1_Sector_3,IMP,BAU,2017,2021,7,12:30:46 PM,7/1/2021,EAME,Eastern Meadowlark,1,89,75,4,
ABS-UF,Tropical_East_Block_1_Sector_1,IMP,BAU,2017,2021,6,10:20:43 AM,6/1/2021,EAME,Eastern Meadowlark,1,61,65,4,
ABS-UF,Tropical_East_Block_1_Sector_3,IMP,BAU,2017,2021,6,10:44:19 AM,6/1/2021,EAME,Eastern Meadowlark,1,91,65,4,
ABS-UF,Tropical_East_Block_1_Sector_1,IMP,BAU,2017,2021,5,12:07:43 PM,5/3/2021,EAME,Eastern Meadowlark,1,68,73,4,
ABS-UF,Tropical_East_Block_1_Sector_1,IMP,BAU,2017,2021,6,10:21:15 AM,6/1/2021,EAME,Eastern Meadowlark,1,82,65,4,
ABS-UF,Tropical_East_Block_1_Sector_1,IMP,BAU,2017,2021,5,12:08:42 PM,5/3/2021,EAME,Eastern Meadowlark,1,74,73,4,
ABS-UF,Tropical_East_Block_1_Sector_1,IMP,BAU,2017,2021,5,12:10:28 PM,5/3/2021,EAME,Eastern Meadowlark,2,85,73,4,
ABS-UF,Tropical_East_Block_1_Sector_1,IMP,BAU,2017,2021,7,12:42:17 PM,7/1/2021,EAME,Eastern Meadowlark,2,79,75,4,
ABS-UF,Tropical_East_Block_1_Sector_1,IMP,BAU,2017,2021,4,1:05:09 PM,4/13/2021,EAME,Eastern Meadowlark,1,73,65,4,
ABS-UF,Tropical_East_Block_1_Sector_1,IMP,BAU,2017,2021,7,12:44:23 PM,7/1/2021,EAME,Eastern Meadowlark,1,59,75,4,
ABS-UF,Tropical_East_Block_1_Sector_1,IMP,BAU,2017,2021,4,1:07:30 PM,4/13/2021,EAME,Eastern Meadowlark,1,40,65,4,
ABS-UF,Tropical_East_Block_1_Sector_3,IMP,BAU,2017,2021,6,10:46:39 AM,6/1/2021,EAME,Eastern Meadowlark,1,92,65,4,
ABS-UF,Tropical_West_Block_1_Sector_2,IMP,BAU,2017,2021,4,11:59:29 AM,4/13/2021,EAME,Eastern Meadowlark,1,43,57,4,
ABS-UF,Tropical_West_Block_1_Sector_1,IMP,BAU,2017,2021,7,12:01:39 PM,7/1/2021,EAME,Eastern Meadowlark,2,68,75,4,
ABS-UF,Tropical_West_Block_1_Sector_1,IMP,BAU,2017,2021,4,11:44:31 AM,4/13/2021,EAME,Eastern Meadowlark,1,41,55,4,
ABS-UF,Tropical_West_Block_1_Sector_1,IMP,BAU,2017,2021,4,11:46:58 AM,4/13/2021,EAME,Eastern Meadowlark,1,74,55,4,
ABS-UF,Tropical_West_Block_1_Sector_1,IMP,BAU,2017,2021,4,11:45:02 AM,4/13/2021,EAME,Eastern Meadowlark,1,41,55,4,
ABS-UF,Tropical_West_Block_1_Sector_1,IMP,BAU,2017,2021,6,1:01:22 PM,6/1/2021,EAME,Eastern Meadowlark,1,27,69,4,
ABS-UF,Tropical_West_Block_1_Sector_1,IMP,BAU,2017,2021,6,1:01:07 PM,6/1/2021,EAME,Eastern Meadowlark,1,17,69,4,
ABS-UF,Tropical_West_Block_1_Sector_1,IMP,BAU,2017,2021,5,11:09:43 AM,5/3/2021,EAME,Eastern Meadowlark,2,48,71,4,limpkin outside 100
ABS-UF,Tropical_East_Block_1_Sector_3,IMP,BAU,2017,2021,5,11:43:57 AM,5/3/2021,EAME,Eastern Meadowlark,1,83,71,4,
ABS-UF,Tropical_West_Block_1_Sector_2,IMP,BAU,2017,2021,5,10:51:01 AM,5/3/2021,EAME,Eastern Meadowlark,1,44,70,4,
ABS-UF,Tropical_East_Block_1_Sector_1,IMP,BAU,2017,2021,4,1:08:27 PM,4/13/2021,EAME,Eastern Meadowlark,1,67,65,4,
ABS-UF,Tropical_West_Block_1_Sector_2,IMP,BAU,2017,2021,4,11:59:06 AM,4/13/2021,EAME,Eastern Meadowlark,1,34,57,4,
ABS-UF,Tropical_West_Block_1_Sector_3,IMP,BAU,2017,2021,5,10:34:12 AM,5/3/2021,EAME,Eastern Meadowlark,1,61,69,4,limpkin outside 100m
ABS-UF,Tropical_West_Block_1_Sector_3,IMP,BAU,2017,2021,5,10:35:28 AM,5/3/2021,EAME,Eastern Meadowlark,1,82,69,4,limpkin outside 100m
ABS-UF,Tropical_West_Block_1_Sector_3,IMP,BAU,2017,2021,7,11:24:34 AM,7/1/2021,EAME,Eastern Meadowlark,1,58,74,4,
ABS-UF,Tropical_West_Block_1_Sector_3,IMP,BAU,2017,2021,5,10:37:17 AM,5/3/2021,EAME,Eastern Meadowlark,1,54,69,4,limpkin outside 100m
ABS-UF,Tropical_West_Block_1_Sector_3,IMP,BAU,2017,2021,4,12:13:34 PM,4/13/2021,EAME,Eastern Meadowlark,1,65,59,4,
ABS-UF,West_Marsh_Block_2_Sector_3,SN,BAU,2017,2021,4,12:58:39 PM,4/8/2021,EAME,Eastern Meadowlark,1,81,64,4,
ABS-UF,West_Marsh_Block_2_Sector_1,SN,BAU,2017,2021,6,10:47:30 AM,6/8/2021,EAME,Eastern Meadowlark,1,67,70,4,
ABS-UF,Tropical_West_Block_1_Sector_2,IMP,BAU,2017,2021,5,10:50:43 AM,5/3/2021,EAME,Eastern Meadowlark,1,75,70,4,
ABS-UF,Griffin_Park_Block_Sector_2,IMP,ASP,2019,2021,7,10:45:19 AM,7/9/2021,EAME,Eastern Meadowlark,1,44,75,4,
ABS-UF,West_Marsh_Block_1_Sector_1,SN,ASP,2017,2021,4,11:46:27 AM,4/8/2021,EAME,Eastern Meadowlark,1,99,54,4,
ABS-UF,West_Marsh_Block_1_Sector_1,SN,ASP,2017,2021,7,11:29:50 AM,7/12/2021,EAME,Eastern Meadowlark,1,41,73,4,
ABS-UF,West_Marsh_Block_1_Sector_1,SN,ASP,2017,2021,4,11:42:51 AM,4/8/2021,EAME,Eastern Meadowlark,1,61,54,4,
ABS-UF,Tropical_East_Block_2_Sector_1,IMP,ASP,2017,2021,4,11:18:06 AM,4/13/2021,EAME,Eastern Meadowlark,1,87,54,4,
ABS-UF,Tropical_East_Block_2_Sector_1,IMP,ASP,2017,2021,5,12:33:30 PM,5/3/2021,EAME,Eastern Meadowlark,1,24,75,4,cows in pasture 
ABS-UF,Tropical_East_Block_2_Sector_1,IMP,ASP,2017,2021,4,11:15:13 AM,4/13/2021,EAME,Eastern Meadowlark,1,74,54,4,
ABS-UF,Tropical_East_Block_2_Sector_1,IMP,ASP,2017,2021,5,12:32:45 PM,5/3/2021,EAME,Eastern Meadowlark,1,36,75,4,cows in pasture 
ABS-UF,Tropical_East_Block_1_Sector_1,IMP,BAU,2017,2021,4,1:09:47 PM,4/13/2021,EAME,Eastern Meadowlark,1,26,65,4,
ABS-UF,Tropical_East_Block_2_Sector_1,IMP,ASP,2017,2021,5,12:33:56 PM,5/3/2021,EAME,Eastern Meadowlark,1,37,75,4,cows in pasture 
ABS-UF,West_Marsh_Block_1_Sector_3,SN,ASP,2018,2021,6,11:39:58 AM,6/8/2021,EAME,Eastern Meadowlark,1,97,72,4,
ABS-UF,Tropical_East_Block_2_Sector_1,IMP,ASP,2017,2021,5,12:36:52 PM,5/3/2021,EAME,Eastern Meadowlark,1,64,75,4,cows in pasture 
ABS-UF,Tropical_East_Block_2_Sector_1,IMP,ASP,2017,2021,6,11:12:18 AM,6/1/2021,EAME,Eastern Meadowlark,1,72,65,4,
ABS-UF,Tropical_East_Block_2_Sector_1,IMP,ASP,2017,2021,7,10:20:46 AM,7/1/2021,EAME,Eastern Meadowlark,1,38,72,4,
ABS-UF,Tropical_East_Block_2_Sector_1,IMP,ASP,2017,2021,4,11:14:16 AM,4/13/2021,EAME,Eastern Meadowlark,1,62,54,4,
ABS-UF,Tropical_East_Block_2_Sector_1,IMP,ASP,2017,2021,7,10:22:34 AM,7/1/2021,EAME,Eastern Meadowlark,1,69,72,4,
ABS-UF,Tropical_East_Block_2_Sector_2,IMP,ASP,2018,2021,7,10:45:50 AM,7/1/2021,EAME,Eastern Meadowlark,1,44,73,4,
ABS-UF,Tropical_East_Block_2_Sector_2,IMP,ASP,2018,2021,4,10:49:21 AM,4/13/2021,EAME,Eastern Meadowlark,1,47,55,4,
ABS-UF,Tropical_East_Block_2_Sector_2,IMP,ASP,2018,2021,4,10:52:24 AM,4/13/2021,EAME,Eastern Meadowlark,1,76,55,4,
ABS-UF,West_Marsh_Block_3_Sector_1,SN,ASP,2019,2021,5,11:37:05 AM,5/5/2021,EAME,Eastern Meadowlark,1,79,70,4,
ABS-UF,Tropical_East_Block_1_Sector_2,IMP,BAU,2017,2021,4,12:55:52 PM,4/13/2021,EAME,Eastern Meadowlark,1,45,65,4,
ABS-UF,Tropical_East_Block_2_Sector_2,IMP,ASP,2018,2021,5,1:00:29 PM,5/3/2021,EAME,Eastern Meadowlark,1,81,76,4,Osprey outside 100m
ABS-UF,Tropical_East_Block_1_Sector_2,IMP,BAU,2017,2021,5,11:59:01 AM,5/3/2021,EAME,Eastern Meadowlark,1,76,72,4,
ABS-UF,Tropical_East_Block_1_Sector_2,IMP,BAU,2017,2021,6,10:29:37 AM,6/1/2021,EAME,Eastern Meadowlark,1,34,65,4,
ABS-UF,Tropical_East_Block_1_Sector_2,IMP,BAU,2017,2021,6,10:29:59 AM,6/1/2021,EAME,Eastern Meadowlark,1,22,65,4,
ABS-UF,Tropical_East_Block_1_Sector_2,IMP,BAU,2017,2021,5,11:55:13 AM,5/3/2021,EAME,Eastern Meadowlark,1,60,72,4,
ABS-UF,Tropical_East_Block_1_Sector_2,IMP,BAU,2017,2021,6,10:31:05 AM,6/1/2021,EAME,Eastern Meadowlark,1,58,65,4,
ABS-UF,Tropical_East_Block_1_Sector_2,IMP,BAU,2017,2021,5,11:56:35 AM,5/3/2021,EAME,Eastern Meadowlark,1,81,72,4,
ABS-UF,Tropical_East_Block_1_Sector_2,IMP,BAU,2017,2021,7,12:52:19 PM,7/1/2021,EAME,Eastern Meadowlark,1,76,75,4,
ABS-UF,West_Marsh_Block_1_Sector_3,SN,ASP,2018,2021,5,11:38:32 AM,5/10/2021,EAME,Eastern Meadowlark,1,10,67,4,
ABS-UF,Tropical_East_Block_1_Sector_2,IMP,BAU,2017,2021,4,12:52:51 PM,4/13/2021,EAME,Eastern Meadowlark,1,18,65,4,
ABS-UF,West_Marsh_Block_1_Sector_3,SN,ASP,2018,2021,7,11:47:54 AM,7/12/2021,EAME,Eastern Meadowlark,1,40,74,4,
ABS-UF,West_Marsh_Block_1_Sector_2,SN,ASP,2019,2021,5,10:44:17 AM,5/10/2021,EAME,Eastern Meadowlark,1,61,67,4,survey delayed due to fog
ABS-UF,West_Marsh_Block_1_Sector_2,SN,ASP,2019,2021,5,10:45:15 AM,5/10/2021,EAME,Eastern Meadowlark,1,92,67,4,survey delayed due to fog
ABS-UF,West_Marsh_Block_1_Sector_2,SN,ASP,2019,2021,4,11:58:21 AM,4/8/2021,EAME,Eastern Meadowlark,2,61,55,4,
ABS-UF,West_Marsh_Block_1_Sector_3,SN,ASP,2018,2021,7,11:46:05 AM,7/12/2021,EAME,Eastern Meadowlark,1,19,74,4,
ABS-UF,West_Marsh_Block_1_Sector_3,SN,ASP,2018,2021,4,12:14:02 PM,4/8/2021,EAME,Eastern Meadowlark,1,75,56,4,
ABS-UF,West_Marsh_Block_1_Sector_3,SN,ASP,2018,2021,6,11:38:24 AM,6/8/2021,EAME,Eastern Meadowlark,1,53,72,4,
ABS-UF,West_Marsh_Block_1_Sector_3,SN,ASP,2018,2021,6,11:37:57 AM,6/8/2021,EAME,Eastern Meadowlark,1,20,72,4,
ABS-UF,Tropical_East_Block_1_Sector_1,IMP,BAU,2017,2021,5,12:11:37 PM,5/3/2021,EAME,Eastern Meadowlark,1,48,73,4,
ABS-UF,Tropical_East_Block_1_Sector_2,IMP,BAU,2017,2021,4,12:57:56 PM,4/13/2021,EAME,Eastern Meadowlark,1,67,65,4,
ABS-UF,Summer_3_Block_Sector_3,IMP,BAU,2017,2021,5,11:53:04 AM,5/6/2021,EAME,Eastern Meadowlark,1,81,70,4,
ABS-UF,East_Marsh_Block_2_Sector_2,SN,BAU,2017,2021,6,10:38:14 AM,6/7/2021,EAME,Eastern Meadowlark,2,82,75,4,limpkin outside 100m
ABS-UF,East_Marsh_Block_2_Sector_2,SN,BAU,2017,2021,7,12:14:33 PM,7/9/2021,EAME,Eastern Meadowlark,1,86,75,4,limpkin outside 100m
ABS-UF,East_Marsh_Block_2_Sector_2,SN,BAU,2017,2021,6,10:36:04 AM,6/7/2021,EAME,Eastern Meadowlark,1,74,75,4,limpkin outside 100m
ABS-UF,East_Marsh_Block_2_Sector_2,SN,BAU,2017,2021,6,10:39:22 AM,6/7/2021,EAME,Eastern Meadowlark,3,91,75,4,limpkin outside 100m
ABS-UF,East_Marsh_Block_2_Sector_2,SN,BAU,2017,2021,7,12:18:46 PM,7/9/2021,EAME,Eastern Meadowlark,1,48,75,4,limpkin outside 100m
ABS-UF,East_Marsh_Block_2_Sector_2,SN,BAU,2017,2021,5,11:53:31 AM,5/4/2021,EAME,Eastern Meadowlark,1,96,73,4,
ABS-UF,East_Marsh_Block_2_Sector_2,SN,BAU,2017,2021,7,12:15:38 PM,7/9/2021,EAME,Eastern Meadowlark,1,57,75,4,limpkin outside 100m
ABS-UF,Winter_3_Block_Sector_3,SN,ASP,2018,2021,7,12:04:12 PM,7/2/2021,EAME,Eastern Meadowlark,1,80,75,4,blue grosbeak heard outside 100m
ABS-UF,Summer_3_Block_Sector_2,IMP,BAU,2017,2021,4,11:59:13 AM,4/7/2021,EAME,Eastern Meadowlark,2,71,53,4,
ABS-UF,Summer_3_Block_Sector_2,IMP,BAU,2017,2021,7,10:37:35 AM,7/8/2021,EAME,Eastern Meadowlark,1,89,75,4,limpkin outside 100m
ABS-UF,Summer_6_Block_Sector_2,IMP,ASP,2019,2021,5,12:27:16 PM,5/6/2021,EAME,Eastern Meadowlark,1,45,71,4,
ABS-UF,Summer_3_Block_Sector_3,IMP,BAU,2017,2021,6,11:45:11 AM,6/3/2021,EAME,Eastern Meadowlark,1,83,70,4,
ABS-UF,Summer_3_Block_Sector_2,IMP,BAU,2017,2021,5,11:38:03 AM,5/6/2021,EAME,Eastern Meadowlark,1,93,70,4,
ABS-UF,Summer_3_Block_Sector_3,IMP,BAU,2017,2021,5,11:50:53 AM,5/6/2021,EAME,Eastern Meadowlark,1,46,70,4,
ABS-UF,Summer_3_Block_Sector_3,IMP,BAU,2017,2021,7,10:49:00 AM,7/8/2021,EAME,Eastern Meadowlark,1,87,75,4,limpkin outside 100m
ABS-UF,Summer_3_Block_Sector_3,IMP,BAU,2017,2021,6,11:44:01 AM,6/3/2021,EAME,Eastern Meadowlark,1,58,70,4,
ABS-UF,Summer_3_Block_Sector_3,IMP,BAU,2017,2021,4,12:14:48 PM,4/7/2021,EAME,Eastern Meadowlark,2,52,54,4,
ABS-UF,Winter_3_Block_Sector_1,SN,ASP,2017,2021,6,11:42:33 AM,6/2/2021,EAME,Eastern Meadowlark,1,24,69,4,
ABS-UF,Summer_6_Block_Sector_2,IMP,ASP,2019,2021,6,10:42:17 AM,6/3/2021,EAME,Eastern Meadowlark,1,41,67,4,
ABS-UF,Winter_3_Block_Sector_1,SN,ASP,2017,2021,5,10:32:00 AM,5/7/2021,EAME,Eastern Meadowlark,1,64,69,4,
ABS-UF,Winter_3_Block_Sector_1,SN,ASP,2017,2021,4,12:46:52 PM,4/6/2021,EAME,Eastern Meadowlark,1,84,55,4,
ABS-UF,Summer_6_Block_Sector_2,IMP,ASP,2019,2021,4,12:13:09 PM,4/9/2021,EAME,Eastern Meadowlark,1,27,60,4,
ABS-UF,Summer_6_Block_Sector_2,IMP,ASP,2019,2021,5,12:28:12 PM,5/6/2021,EAME,Eastern Meadowlark,1,74,71,4,
ABS-UF,Summer_3_Block_Sector_1,IMP,BAU,2017,2021,5,11:26:31 AM,5/6/2021,EAME,Eastern Meadowlark,1,59,70,4,survey delayed due to fog
ABS-UF,Summer_3_Block_Sector_2,IMP,BAU,2017,2021,5,11:39:23 AM,5/6/2021,EAME,Eastern Meadowlark,1,96,70,4,
ABS-UF,Summer_3_Block_Sector_1,IMP,BAU,2017,2021,5,11:25:37 AM,5/6/2021,EAME,Eastern Meadowlark,1,41,70,4,survey delayed due to fog
ABS-UF,Winter_3_Block_Sector_2,SN,ASP,2019,2021,5,10:47:54 AM,5/7/2021,EAME,Eastern Meadowlark,1,23,69,4,
ABS-UF,Winter_3_Block_Sector_2,SN,ASP,2019,2021,5,10:48:20 AM,5/7/2021,EAME,Eastern Meadowlark,1,52,69,4,
ABS-UF,Winter_3_Block_Sector_2,SN,ASP,2019,2021,7,11:53:05 AM,7/2/2021,EAME,Eastern Meadowlark,1,67,75,4,
ABS-UF,Winter_3_Block_Sector_2,SN,ASP,2019,2021,5,10:47:27 AM,5/7/2021,EAME,Eastern Meadowlark,1,46,69,4,
ABS-UF,Summer_3_Block_Sector_1,IMP,BAU,2017,2021,4,11:48:47 AM,4/7/2021,EAME,Eastern Meadowlark,2,62,52,4,
ABS-UF,Summer_3_Block_Sector_1,IMP,BAU,2017,2021,7,10:25:44 AM,7/8/2021,EAME,Eastern Meadowlark,1,68,75,4,limpkin outside 100m
ABS-UF,Summer_3_Block_Sector_1,IMP,BAU,2017,2021,7,10:23:44 AM,7/8/2021,EAME,Eastern Meadowlark,1,90,75,4,limpkin outside 100m
ABS-UF,East_Marsh_Block_1_Sector_1,SN,ASP,2019,2021,4,10:58:25 AM,4/7/2021,EAME,Eastern Meadowlark,1,37,51,4,
ABS-UF,East_Marsh_Block_1_Sector_1,SN,ASP,2019,2021,7,12:10:18 PM,7/8/2021,EAME,Eastern Meadowlark,1,44,75,4,
ABS-UF,East_Marsh_Block_1_Sector_1,SN,ASP,2019,2021,4,11:02:10 AM,4/7/2021,EAME,Eastern Meadowlark,1,60,51,4,
ABS-UF,East_Marsh_Block_1_Sector_1,SN,ASP,2019,2021,4,11:00:18 AM,4/7/2021,EAME,Eastern Meadowlark,1,73,51,4,
ABS-UF,East_Marsh_Block_2_Sector_2,SN,BAU,2017,2021,5,11:56:05 AM,5/4/2021,EAME,Eastern Meadowlark,1,77,73,4,
ABS-UF,East_Marsh_Block_1_Sector_1,SN,ASP,2019,2021,6,12:21:11 PM,6/3/2021,EAME,Eastern Meadowlark,1,65,73,4,
ABS-UF,East_Marsh_Block_2_Sector_2,SN,BAU,2017,2021,7,12:15:18 PM,7/9/2021,EAME,Eastern Meadowlark,1,83,75,4,limpkin outside 100m
ABS-UF,East_Marsh_Block_1_Sector_1,SN,ASP,2019,2021,5,1:05:11 PM,5/6/2021,EAME,Eastern Meadowlark,1,88,76,4,
ABS-UF,East_Marsh_Block_1_Sector_1,SN,ASP,2019,2021,7,12:06:45 PM,7/8/2021,EAME,Eastern Meadowlark,1,82,75,4,
ABS-UF,East_Marsh_Block_1_Sector_1,SN,ASP,2019,2021,4,10:59:36 AM,4/7/2021,EAME,Eastern Meadowlark,1,52,51,4,
ABS-UF,East_Marsh_Block_1_Sector_1,SN,ASP,2019,2021,4,10:57:44 AM,4/7/2021,EAME,Eastern Meadowlark,1,41,51,4,
ABS-UF,East_Marsh_Block_1_Sector_1,SN,ASP,2019,2021,6,12:19:07 PM,6/3/2021,EAME,Eastern Meadowlark,1,85,73,4,
ABS-UF,East_Marsh_Block_2_Sector_3,SN,BAU,2017,2021,6,10:22:28 AM,6/7/2021,EAME,Eastern Meadowlark,2,45,72,4,
ABS-UF,East_Marsh_Block_2_Sector_3,SN,BAU,2017,2021,5,11:41:45 AM,5/4/2021,EAME,Eastern Meadowlark,1,99,71,4,"cows in pasture, limpkin outside 100m"
ABS-UF,East_Marsh_Block_2_Sector_3,SN,BAU,2017,2021,4,11:22:30 AM,4/9/2021,EAME,Eastern Meadowlark,1,25,56,4,
ABS-UF,Summer_3_Block_Sector_2,IMP,BAU,2017,2021,6,11:29:59 AM,6/3/2021,EAME,Eastern Meadowlark,1,30,69,4,
ABS-UF,Summer_3_Block_Sector_2,IMP,BAU,2017,2021,7,10:38:36 AM,7/8/2021,EAME,Eastern Meadowlark,1,78,75,4,limpkin outside 100m
ABS-UF,Winter_3_Block_Sector_1,SN,ASP,2017,2021,6,11:44:34 AM,6/2/2021,EAME,Eastern Meadowlark,1,65,69,4,
ABS-UF,West_Marsh_Block_3_Sector_1,SN,ASP,2019,2021,4,10:55:06 AM,4/6/2021,EAME,Eastern Meadowlark,1,48,52,4,
ABS-UF,Griffin_Park_Block_Sector_1,IMP,ASP,2017,2021,6,11:18:20 AM,6/7/2021,EAME,Eastern Meadowlark,1,61,76,4,
ABS-UF,Summer_6_Block_Sector_3,IMP,ASP,2017,2021,5,12:43:21 PM,5/6/2021,EAME,Eastern Meadowlark,1,100,71,4,
ABS-UF,Summer_6_Block_Sector_2,IMP,ASP,2019,2021,4,12:11:52 PM,4/9/2021,EAME,Eastern Meadowlark,1,67,60,4,
ABS-UF,Winter_6_Block_Sector_2,SN,BAU,2017,2021,4,1:04:55 PM,4/5/2021,EAME,Eastern Meadowlark,1,38,61,4,
ABS-UF,Winter_6_Block_Sector_2,SN,BAU,2017,2021,7,10:43:15 AM,7/2/2021,EAME,Eastern Meadowlark,1,89,73,4,
ABS-UF,Winter_6_Block_Sector_2,SN,BAU,2017,2021,6,10:45:57 AM,6/2/2021,EAME,Eastern Meadowlark,2,36,67,4,
ABS-UF,Winter_6_Block_Sector_2,SN,BAU,2017,2021,4,1:06:06 PM,4/5/2021,EAME,Eastern Meadowlark,1,98,61,4,
ABS-UF,Griffin_Park_Block_Sector_3,IMP,ASP,2018,2021,6,11:45:37 AM,6/7/2021,EAME,Eastern Meadowlark,1,62,77,4,
ABS-UF,Griffin_Park_Block_Sector_3,IMP,ASP,2018,2021,5,12:46:17 PM,5/4/2021,EAME,Eastern Meadowlark,1,74,77,4,
ABS-UF,Griffin_Park_Block_Sector_3,IMP,ASP,2018,2021,6,11:44:59 AM,6/7/2021,EAME,Eastern Meadowlark,1,71,77,4,
ABS-UF,Winter_6_Block_Sector_2,SN,BAU,2017,2021,7,10:42:53 AM,7/2/2021,EAME,Eastern Meadowlark,1,46,73,4,
ABS-UF,Griffin_Park_Block_Sector_1,IMP,ASP,2017,2021,6,11:18:57 AM,6/7/2021,EAME,Eastern Meadowlark,1,98,76,4,
ABS-UF,Summer_6_Block_Sector_2,IMP,ASP,2019,2021,7,11:32:28 AM,7/8/2021,EAME,Eastern Meadowlark,1,86,75,4,limpkin outside 100m
ABS-UF,Griffin_Park_Block_Sector_1,IMP,ASP,2017,2021,5,12:32:36 PM,5/4/2021,EAME,Eastern Meadowlark,1,79,77,4,
ABS-UF,Summer_6_Block_Sector_3,IMP,ASP,2017,2021,6,10:59:09 AM,6/3/2021,EAME,Eastern Meadowlark,1,49,67,4,
ABS-UF,Griffin_Park_Block_Sector_1,IMP,ASP,2017,2021,4,10:56:44 AM,4/5/2021,EAME,Eastern Meadowlark,1,59,56,4,
ABS-UF,Griffin_Park_Block_Sector_1,IMP,ASP,2017,2021,6,11:20:02 AM,6/7/2021,EAME,Eastern Meadowlark,1,22,76,4,
ABS-UF,Griffin_Park_Block_Sector_1,IMP,ASP,2017,2021,5,12:35:32 PM,5/4/2021,EAME,Eastern Meadowlark,1,91,77,4,
ABS-UF,Griffin_Park_Block_Sector_1,IMP,ASP,2017,2021,4,10:55:35 AM,4/5/2021,EAME,Eastern Meadowlark,1,41,56,4,
ABS-UF,Winter_6_Block_Sector_2,SN,BAU,2017,2021,5,11:49:35 AM,5/7/2021,EAME,Eastern Meadowlark,1,67,71,4,
ABS-UF,Griffin_Park_Block_Sector_2,IMP,ASP,2019,2021,4,11:23:04 AM,4/5/2021,EAME,Eastern Meadowlark,1,62,56,4,
ABS-UF,Griffin_Park_Block_Sector_2,IMP,ASP,2019,2021,5,12:58:00 PM,5/4/2021,EAME,Eastern Meadowlark,1,76,77,4,
ABS-UF,Griffin_Park_Block_Sector_2,IMP,ASP,2019,2021,7,10:46:14 AM,7/9/2021,EAME,Eastern Meadowlark,1,63,75,4,
ABS-UF,Griffin_Park_Block_Sector_2,IMP,ASP,2019,2021,6,11:30:47 AM,6/7/2021,EAME,Eastern Meadowlark,1,65,76,4,
ABS-UF,Griffin_Park_Block_Sector_2,IMP,ASP,2019,2021,6,11:30:18 AM,6/7/2021,EAME,Eastern Meadowlark,1,56,76,4,
ABS-UF,Winter_6_Block_Sector_2,SN,BAU,2017,2021,5,11:46:24 AM,5/7/2021,EAME,Eastern Meadowlark,1,93,71,4,
ABS-UF,Griffin_Park_Block_Sector_1,IMP,ASP,2017,2021,6,11:17:01 AM,6/7/2021,EAME,Eastern Meadowlark,1,42,76,4,
ABS-UF,Summer_6_Block_Sector_1,IMP,ASP,2018,2021,6,10:18:18 AM,6/3/2021,EAME,Eastern Meadowlark,1,39,69,4,
ABS-UF,Summer_6_Block_Sector_2,IMP,ASP,2019,2021,7,11:27:42 AM,7/8/2021,EAME,Eastern Meadowlark,1,61,75,4,limpkin outside 100m
ABS-UF,Summer_6_Block_Sector_1,IMP,ASP,2018,2021,5,12:14:10 PM,5/6/2021,EAME,Eastern Meadowlark,2,25,74,4,
ABS-UF,Summer_6_Block_Sector_1,IMP,ASP,2018,2021,4,11:56:28 AM,4/9/2021,EAME,Eastern Meadowlark,1,100,58,4,on fence line
ABS-UF,Winter_6_Block_Sector_1,SN,BAU,2017,2021,4,1:20:02 PM,4/5/2021,EAME,Eastern Meadowlark,1,77,63,4,
ABS-UF,Summer_6_Block_Sector_3,IMP,ASP,2017,2021,6,10:56:08 AM,6/3/2021,EAME,Eastern Meadowlark,1,61,67,4,
ABS-UF,Winter_6_Block_Sector_1,SN,BAU,2017,2021,6,11:04:54 AM,6/2/2021,EAME,Eastern Meadowlark,1,8,67,4,
ABS-UF,Winter_6_Block_Sector_3,SN,BAU,2017,2021,6,10:23:26 AM,6/2/2021,EAME,Eastern Meadowlark,1,94,67,4,
ABS-UF,Summer_6_Block_Sector_2,IMP,ASP,2019,2021,6,10:43:40 AM,6/3/2021,EAME,Eastern Meadowlark,2,67,67,4,
ABS-UF,Summer_6_Block_Sector_2,IMP,ASP,2019,2021,7,11:27:56 AM,7/8/2021,EAME,Eastern Meadowlark,1,94,75,4,limpkin outside 100m
ABS-UF,Summer_6_Block_Sector_1,IMP,ASP,2018,2021,7,11:17:28 AM,7/8/2021,EAME,Eastern Meadowlark,1,84,75,4,limpkin outside 100m
ABS-UF,Summer_6_Block_Sector_1,IMP,ASP,2018,2021,7,11:16:55 AM,7/8/2021,EAME,Eastern Meadowlark,1,47,75,4,limpkin outside 100m
ABS-UF,Summer_6_Block_Sector_3,IMP,ASP,2017,2021,5,12:41:32 PM,5/6/2021,EAME,Eastern Meadowlark,1,58,71,4,
ABS-UF,Winter_6_Block_Sector_3,SN,BAU,2017,2021,7,10:24:38 AM,7/2/2021,EAME,Eastern Meadowlark,1,63,73,4,
ABS-UF,Summer_6_Block_Sector_3,IMP,ASP,2017,2021,6,10:57:02 AM,6/3/2021,EAME,Eastern Meadowlark,1,52,67,4,
ABS-UF,Summer_6_Block_Sector_3,IMP,ASP,2017,2021,7,11:45:09 AM,7/8/2021,EAME,Eastern Meadowlark,1,64,75,4,limpkin outside 100
ABS-UF,Summer_6_Block_Sector_2,IMP,ASP,2019,2021,5,12:26:32 PM,5/6/2021,EAME,Eastern Meadowlark,1,57,71,4,
ABS-UF,Summer_6_Block_Sector_3,IMP,ASP,2017,2021,4,12:28:29 PM,4/9/2021,EAME,Eastern Meadowlark,2,61,60,4,
ABS-UF,Summer_6_Block_Sector_3,IMP,ASP,2017,2021,4,12:26:50 PM,4/9/2021,EAME,Eastern Meadowlark,2,92,60,4,
ABS-UF,Winter_6_Block_Sector_1,SN,BAU,2017,2021,6,11:06:28 AM,6/2/2021,EAME,Eastern Meadowlark,1,52,67,4,
