Site,Unit_ID,Date,Pasture_Type,Treatment,TSF_current,DM_per,N_DM_per,CP_DM_per,OM_DM_per,P_DM_per,IVOMD_per
ABS-UF,Tropical_West_Block_1,1/18/2018,IMP,FB,-4,90.5,0.849,5.3,90.3,0.131,32.6
ABS-UF,Tropical_West_Block_1,2/16/2018,IMP,FB,25,90.1,0.771,4.82,91.5,0.079,30.2
ABS-UF,Tropical_West_Block_1,3/16/2018,IMP,FB,53,94.9,1.008,6.3,91.5,0.121,38.3
ABS-UF,Tropical_West_Block_1,4/18/2018,IMP,FB,86,92.3,1.041,6.5,93.6,0.113,33.5
ABS-UF,Tropical_West_Block_1,5/17/2018,IMP,FB,115,93.6,0.652,4.07,95.2,0.072,31.7
ABS-UF,Tropical_West_Block_1,6/15/2018,IMP,FB,144,92.8,0.969,6.05,93.6,0.121,41.6
ABS-UF,Tropical_West_Block_1,7/17/2018,IMP,FB,176,89.5,0.944,5.9,93.7,0.091,48.3
ABS-UF,Tropical_West_Block_1,8/17/2018,IMP,FB,207,88.3,0.933,5.83,91.2,0.104,40.7
ABS-UF,Tropical_West_Block_1,9/19/2018,IMP,FB,240,91.5,0.844,5.28,93.1,0.079,30.3
ABS-UF,Tropical_West_Block_1,10/17/2018,IMP,FB,268,90.4,1.008,6.3,92.1,0.081,19
ABS-UF,Tropical_West_Block_1,11/14/2018,IMP,FB,296,90.3,0.805,5.03,92.5,0.129,35.3
ABS-UF,Tropical_West_Block_1,12/14/2018,IMP,FB,326,91.9,0.809,5.06,92.8,0.068,30.8
ABS-UF,Tropical_West_Block_1,1/16/2019,IMP,FB,-13,93.6,0.86,5.37,92.3,0.129,26.2
ABS-UF,Tropical_West_Block_1,2/15/2019,IMP,FB,17,94.6,0.866,5.41,92.7,0.073,24.1
ABS-UF,Tropical_West_Block_1,3/15/2019,IMP,FB,45,94,0.916,5.73,92.1,0.109,23.9
ABS-UF,Tropical_West_Block_1,4/22/2019,IMP,FB,83,91.3,1.127,7.04,92.9,0.115,32.7
ABS-UF,Tropical_West_Block_1,6/14/2019,IMP,FB,136,91.3,1.121,7.01,91.3,0.122,44.3
ABS-UF,Tropical_West_Block_1,8/15/2019,IMP,FB,198,92.7,0.884,5.53,92.2,0.089,28.5
ABS-UF,Tropical_West_Block_1,9/13/2019,IMP,FB,227,94.7,0.975,6.09,91.3,0.16,26.1
ABS-UF,Tropical_West_Block_1,10/15/2019,IMP,FB,259,91.2,1.089,6.81,94,0.116,26.6
ABS-UF,Tropical_West_Block_1,4/20/2017,IMP,FB,79,91.5,1.228,7.68,88.7,0.194,53.2
ABS-UF,Tropical_West_Block_1,4/20/2017,IMP,FB,79,90.6,1.174,7.34,80.3,0.151,50.5
ABS-UF,Tropical_West_Block_1,4/20/2017,IMP,FB,79,90.6,1.403,8.77,90.7,0.162,52.4
ABS-UF,Tropical_West_Block_1,4/20/2017,IMP,FB,79,91.4,1.41,8.81,92,0.281,51.7
ABS-UF,Tropical_West_Block_1,4/20/2017,IMP,FB,79,91.9,2.115,13.22,89.6,0.194,57.1
ABS-UF,Tropical_West_Block_1,7/26/2017,IMP,FB,176,90.3,1.787,11.17,93.8,0.19,47.6
ABS-UF,Tropical_West_Block_1,7/26/2017,IMP,FB,176,89.9,1.132,7.08,92.2,0.16,46.8
ABS-UF,Tropical_West_Block_1,7/26/2017,IMP,FB,176,90.1,0.947,5.92,90.9,0.149,46.3
ABS-UF,Tropical_West_Block_1,7/26/2017,IMP,FB,176,89.5,1.583,9.89,93.7,0.192,50.6
ABS-UF,Tropical_West_Block_1,7/26/2017,IMP,FB,176,90.7,1.507,9.42,91.2,0.207,48
ABS-UF,Tropical_West_Block_1,7/26/2017,IMP,FB,176,90.9,1.344,8.4,94.1,0.198,56.5
ABS-UF,Tropical_West_Block_1,7/26/2017,IMP,FB,176,89.9,1.689,10.56,93.2,0.179,49.6
ABS-UF,Tropical_West_Block_1,10/3/2017,IMP,FB,245,89.6,1.185,7.41,88.4,0.142,24.5
ABS-UF,Tropical_West_Block_1,10/3/2017,IMP,FB,245,93.6,0.922,5.76,92.3,0.126,35.4
ABS-UF,Tropical_West_Block_1,10/3/2017,IMP,FB,245,89.7,1.332,8.33,93.5,0.187,37.7
ABS-UF,Tropical_West_Block_1,10/3/2017,IMP,FB,245,89.6,1.339,8.37,93.1,0.15,32
ABS-UF,Tropical_West_Block_1,10/3/2017,IMP,FB,245,90.4,1.786,11.16,92.9,0.171,28.2
ABS-UF,Tropical_West_Block_1,10/3/2017,IMP,FB,245,90,1.478,9.24,93.2,0.122,32.9
ABS-UF,Tropical_West_Block_1,11/28/2017,IMP,FB,301,94,1.014,6.34,92.9,0.109,25.8
ABS-UF,Tropical_West_Block_1,11/28/2017,IMP,FB,301,93.4,0.935,5.85,92.3,0.1,28.9
ABS-UF,Tropical_West_Block_1,11/28/2017,IMP,FB,301,93,0.937,5.86,92.9,0.119,30.1
ABS-UF,Tropical_West_Block_1,11/28/2017,IMP,FB,301,92.7,1.244,7.77,92.7,0.144,29.5
ABS-UF,Tropical_West_Block_1,11/28/2017,IMP,FB,301,93.2,1.273,7.95,92.9,0.156,31.4
ABS-UF,Tropical_West_Block_1,11/28/2017,IMP,FB,301,94.2,0.913,5.71,92.8,0.125,29.9
ABS-UF,West_Marsh_Block_2,1/18/2018,SN,FB,-13,89.5,1.129,7.06,94.1,0.111,34.8
ABS-UF,West_Marsh_Block_2,3/15/2018,SN,FB,43,94.9,1.007,6.29,95.2,0.091,30.9
ABS-UF,West_Marsh_Block_2,4/17/2018,SN,FB,76,93.1,1.262,7.89,94.6,0.152,38.9
ABS-UF,West_Marsh_Block_2,5/16/2018,SN,FB,105,95.9,0.915,5.72,92.3,0.09,35.9
ABS-UF,West_Marsh_Block_2,6/14/2018,SN,FB,134,93,0.983,6.15,93.7,0.14,41.5
ABS-UF,West_Marsh_Block_2,7/16/2018,SN,FB,166,89.1,1.199,7.49,95.1,0.09,36.9
ABS-UF,West_Marsh_Block_2,8/17/2018,SN,FB,198,87.6,0.98,6.12,95,0.079,34.1
ABS-UF,West_Marsh_Block_2,9/19/2018,SN,FB,231,90.8,0.855,5.35,94.1,0.109,28.4
ABS-UF,West_Marsh_Block_2,10/17/2018,SN,FB,259,91.5,0.672,4.2,95.2,0.059,27.4
ABS-UF,West_Marsh_Block_2,11/14/2018,SN,FB,287,88.9,0.921,5.75,92.7,0.097,37.2
ABS-UF,West_Marsh_Block_2,12/13/2018,SN,FB,316,93.6,0.849,5.31,95.1,0.066,27.3
ABS-UF,West_Marsh_Block_2,1/16/2019,SN,FB,-26,93.9,0.777,4.85,95.6,0.08,22.1
ABS-UF,West_Marsh_Block_2,2/15/2019,SN,FB,4,93.7,0.724,4.53,95.4,0.053,26.8
ABS-UF,West_Marsh_Block_2,3/14/2019,SN,FB,31,93.4,0.881,5.5,95.2,0.077,24
ABS-UF,West_Marsh_Block_2,4/19/2019,SN,FB,67,92.3,0.916,5.72,94.7,0.096,26.3
ABS-UF,West_Marsh_Block_2,6/13/2019,SN,FB,122,91.2,1.157,7.23,91.2,0.102,40.1
ABS-UF,West_Marsh_Block_2,8/15/2019,SN,FB,185,92.6,1.027,6.42,93.3,0.059,24.5
ABS-UF,West_Marsh_Block_2,9/13/2019,SN,FB,214,93.9,1.076,6.73,94.8,0.113,26.9
ABS-UF,West_Marsh_Block_2,10/15/2019,SN,FB,246,94.5,1.053,6.58,95.8,0.082,29.2
ABS-UF,West_Marsh_Block_2,4/20/2017,SN,FB,77,91.1,1.712,10.7,92.3,0.301,46.4
ABS-UF,West_Marsh_Block_2,4/20/2017,SN,FB,77,90.6,1.788,11.18,94.7,0.195,21.8
ABS-UF,West_Marsh_Block_2,4/20/2017,SN,FB,77,91.1,1.575,9.84,91.1,0.28,53.6
ABS-UF,West_Marsh_Block_2,4/20/2017,SN,FB,77,91.5,1.326,8.29,92.7,0.272,52.7
ABS-UF,West_Marsh_Block_2,4/20/2017,SN,FB,77,90.8,1.511,9.44,93,0.236,60.6
ABS-UF,West_Marsh_Block_2,4/20/2017,SN,FB,77,91.2,1.478,9.23,95.2,0.144,21.7
ABS-UF,West_Marsh_Block_2,8/14/2017,SN,FB,193,91.2,1.386,8.67,92.7,0.202,49.7
ABS-UF,West_Marsh_Block_2,8/14/2017,SN,FB,193,90.9,1.321,8.26,93.4,0.214,33.9
ABS-UF,West_Marsh_Block_2,8/14/2017,SN,FB,193,90.7,1.441,9,94.1,0.161,25
ABS-UF,West_Marsh_Block_2,8/14/2017,SN,FB,193,90.9,0.827,5.17,93.9,0.179,35
ABS-UF,West_Marsh_Block_2,8/14/2017,SN,FB,193,90.3,1.258,7.86,94.3,0.179,38.3
ABS-UF,West_Marsh_Block_2,8/14/2017,SN,FB,193,91,1.181,7.38,94.5,0.145,34.5
ABS-UF,West_Marsh_Block_2,11/9/2017,SN,FB,280,91.1,0.93,5.81,93.9,0.155,28.6
ABS-UF,West_Marsh_Block_2,11/9/2017,SN,FB,280,90.9,1.094,6.84,93.4,0.19,30.6
ABS-UF,West_Marsh_Block_2,11/9/2017,SN,FB,280,91.8,1.22,7.62,91.8,0.136,35.2
ABS-UF,West_Marsh_Block_2,11/9/2017,SN,FB,280,92.1,1.034,6.46,94.7,0.13,28.8
ABS-UF,West_Marsh_Block_2,11/9/2017,SN,FB,280,91.5,0.984,6.15,95.4,0.123,23.8
ABS-UF,West_Marsh_Block_2,11/9/2017,SN,FB,280,91.3,1.022,6.39,93.9,0.16,36.1
ABS-UF,Tropical_East_Block_1,1/18/2018,IMP,FB,-4,90.4,0.932,5.83,92.8,0.15,26.9
ABS-UF,Tropical_East_Block_1,2/16/2018,IMP,FB,25,89,0.911,5.7,91.5,0.11,31.1
ABS-UF,Tropical_East_Block_1,3/16/2018,IMP,FB,53,94.4,1.127,7.04,91.2,0.169,42.4
ABS-UF,Tropical_East_Block_1,4/18/2018,IMP,FB,86,93.4,0.871,5.45,93.3,0.112,29.9
ABS-UF,Tropical_East_Block_1,5/17/2018,IMP,FB,115,93.1,0.768,4.8,94.6,0.071,29.4
ABS-UF,Tropical_East_Block_1,6/15/2018,IMP,FB,144,93.7,0.899,5.62,91.5,0.051,27.4
ABS-UF,Tropical_East_Block_1,7/17/2018,IMP,FB,176,89.5,0.854,5.34,94.5,0.148,48.2
ABS-UF,Tropical_East_Block_1,8/17/2018,IMP,FB,207,89,0.798,4.99,93.4,0.113,40.8
ABS-UF,Tropical_East_Block_1,9/19/2018,IMP,FB,240,94.3,0.828,5.18,92.6,0.135,39.1
ABS-UF,Tropical_East_Block_1,10/17/2018,IMP,FB,268,93,0.755,4.72,93,0.117,32.2
ABS-UF,Tropical_East_Block_1,11/14/2018,IMP,FB,296,90.1,0.86,5.37,92.8,0.179,38.1
ABS-UF,Tropical_East_Block_1,12/14/2018,IMP,FB,326,89.9,0.927,5.79,92.5,0.149,38.2
ABS-UF,Tropical_East_Block_1,1/16/2019,IMP,FB,-13,93.1,0.673,4.2,93.1,0.262,22
ABS-UF,Tropical_East_Block_1,2/15/2019,IMP,FB,17,94.1,0.674,4.21,92.9,0.113,33.3
ABS-UF,Tropical_East_Block_1,3/15/2019,IMP,FB,45,94,0.865,5.4,92.8,0.095,18.9
ABS-UF,Tropical_East_Block_1,4/16/2019,IMP,FB,77,91.6,1.11,6.94,92.8,0.118,35.7
ABS-UF,Tropical_East_Block_1,6/14/2019,IMP,FB,136,93,0.87,5.44,93,0.129,45.2
ABS-UF,Tropical_East_Block_1,8/15/2019,IMP,FB,198,91.6,0.987,6.17,92.3,0.146,36.8
ABS-UF,Tropical_East_Block_1,9/13/2019,IMP,FB,227,94,0.762,4.76,93.8,0.099,26.9
ABS-UF,Tropical_East_Block_1,10/15/2019,IMP,FB,259,92.5,1.084,6.77,94.1,0.147,32
ABS-UF,Tropical_East_Block_1,4/20/2017,IMP,FB,78,93.2,1.534,9.59,92.3,0.265,49.8
ABS-UF,Tropical_East_Block_1,4/20/2017,IMP,FB,78,92.7,1.569,9.81,92.1,0.21,51.9
ABS-UF,Tropical_East_Block_1,4/20/2017,IMP,FB,78,92.9,1.654,10.33,92.6,0.199,52.1
ABS-UF,Tropical_East_Block_1,4/20/2017,IMP,FB,78,93.2,1.464,9.15,91.7,0.299,53.2
ABS-UF,Tropical_East_Block_1,4/20/2017,IMP,FB,78,92.9,1.341,8.38,91,0.208,50.5
ABS-UF,Tropical_East_Block_1,4/20/2017,IMP,FB,78,93.2,1.326,8.29,92.2,0.216,52.2
ABS-UF,Tropical_East_Block_1,7/26/2017,IMP,FB,175,91.9,1.199,7.49,93,0.225,49.2
ABS-UF,Tropical_East_Block_1,7/26/2017,IMP,FB,175,91.4,1.037,6.48,94.8,0.159,47.8
ABS-UF,Tropical_East_Block_1,7/26/2017,IMP,FB,175,92.4,1.203,7.52,89.8,0.241,45.1
ABS-UF,Tropical_East_Block_1,7/26/2017,IMP,FB,175,92.8,1.42,8.88,80.3,0.236,49.2
ABS-UF,Tropical_East_Block_1,7/26/2017,IMP,FB,175,91.8,1.119,6.99,94.8,0.198,46.9
ABS-UF,Tropical_East_Block_1,7/26/2017,IMP,FB,175,92,0.967,6.04,93.6,0.192,43.6
ABS-UF,Tropical_East_Block_1,10/3/2017,IMP,FB,244,92.2,0.873,5.46,92,0.227,40.6
ABS-UF,Tropical_East_Block_1,10/3/2017,IMP,FB,244,92.5,1.177,7.36,94.6,0.124,42.4
ABS-UF,Tropical_East_Block_1,10/3/2017,IMP,FB,244,92.1,0.575,3.59,94.7,0.096,36.4
ABS-UF,Tropical_East_Block_1,10/3/2017,IMP,FB,244,92.3,0.749,4.68,94,0.127,33.5
ABS-UF,Tropical_East_Block_1,10/3/2017,IMP,FB,244,91.8,0.584,3.65,94.3,0.088,33
ABS-UF,Tropical_East_Block_1,10/3/2017,IMP,FB,244,92.2,1.17,7.31,82.4,0.222,29.2
ABS-UF,Tropical_East_Block_1,11/28/2017,IMP,FB,300,93.1,1.195,7.47,77.1,0.205,39.2
ABS-UF,Tropical_East_Block_1,11/28/2017,IMP,FB,300,94.8,0.911,5.69,64.5,0.149,39.3
ABS-UF,Tropical_East_Block_1,11/28/2017,IMP,FB,300,93.1,0.693,4.33,95,0.115,25.5
ABS-UF,Tropical_East_Block_1,11/28/2017,IMP,FB,300,92.8,0.828,5.17,95.2,0.107,26.4
ABS-UF,Tropical_East_Block_1,11/28/2017,IMP,FB,300,93.3,0.96,6,91.3,0.141,29.7
ABS-UF,Tropical_East_Block_1,11/28/2017,IMP,FB,300,94.4,1.131,7.07,81.7,0.162,29.1
ABS-UF,West_Marsh_Block_1_Sector_2,1/18/2018,SN,PBG,-13,89.6,0.853,5.33,93.1,0.111,34.1
ABS-UF,West_Marsh_Block_1_Sector_1,1/18/2018,SN,PBG,-13,93.4,0.722,4.51,95.4,0.057,23.9
ABS-UF,West_Marsh_Block_1_Sector_3,1/18/2018,SN,PBG,-13,93.8,0.729,4.55,95.4,0.087,29.2
ABS-UF,West_Marsh_Block_1_Sector_3,2/15/2018,SN,PBG,15,93.8,1.068,6.68,95,0.158,38.1
ABS-UF,West_Marsh_Block_1_Sector_1,2/15/2018,SN,PBG,15,94.1,0.611,3.82,96.3,0.067,31.8
ABS-UF,West_Marsh_Block_1_Sector_2,3/15/2018,SN,PBG,43,94.1,0.725,4.53,94.9,0.091,28.4
ABS-UF,West_Marsh_Block_1_Sector_1,3/15/2018,SN,PBG,43,93.6,0.652,4.07,95.2,0.072,31.7
ABS-UF,West_Marsh_Block_1_Sector_3,3/15/2018,SN,PBG,43,93.8,1.28,8,93.7,0.159,49.8
ABS-UF,West_Marsh_Block_1_Sector_3,4/17/2018,SN,PBG,76,93.8,1.165,7.28,95.1,0.15,42.4
ABS-UF,West_Marsh_Block_1_Sector_1,4/17/2018,SN,PBG,76,94.3,0.578,3.61,96.5,0.06,32.2
ABS-UF,West_Marsh_Block_1_Sector_2,4/17/2018,SN,PBG,76,93.2,1.024,6.4,93.1,0.071,26.4
ABS-UF,West_Marsh_Block_1_Sector_2,5/16/2018,SN,PBG,105,95.1,1.092,6.83,92,0.2,48.6
ABS-UF,West_Marsh_Block_1_Sector_3,5/16/2018,SN,PBG,105,96.2,1.196,7.47,93.3,0.119,41
ABS-UF,West_Marsh_Block_1_Sector_1,5/16/2018,SN,PBG,105,95.4,1.407,8.79,90.9,0.14,50.5
ABS-UF,West_Marsh_Block_1_Sector_1,6/14/2018,SN,PBG,134,94.5,0.934,5.84,93.7,0.08,19.4
ABS-UF,West_Marsh_Block_1_Sector_2,6/14/2018,SN,PBG,134,93.3,1.716,10.73,90.4,0.142,47.8
ABS-UF,West_Marsh_Block_1_Sector_3,6/14/2018,SN,PBG,134,93.2,1.076,6.72,91.1,0.172,27.1
ABS-UF,West_Marsh_Block_1_Sector_3,7/17/2018,SN,PBG,167,90.7,0.782,4.89,94.9,0.088,44.4
ABS-UF,West_Marsh_Block_1_Sector_2,7/17/2018,SN,PBG,167,90.2,0.58,3.62,96.4,0.053,34.3
ABS-UF,West_Marsh_Block_1_Sector_2,8/17/2018,SN,PBG,198,90,0.465,2.9,96.2,0.066,36.8
ABS-UF,West_Marsh_Block_1_Sector_3,8/17/2018,SN,PBG,198,88.3,0.847,5.3,94.3,0.117,37.2
ABS-UF,West_Marsh_Block_1_Sector_1,8/17/2018,SN,PBG,198,89,0.66,4.12,94.9,0.087,33.9
ABS-UF,West_Marsh_Block_1_Sector_2,9/19/2018,SN,PBG,231,91.5,0.59,3.69,95.4,0.08,21.3
ABS-UF,West_Marsh_Block_1_Sector_1,9/19/2018,SN,PBG,231,91.2,0.715,4.47,95,0.059,20.9
ABS-UF,West_Marsh_Block_1_Sector_3,9/19/2018,SN,PBG,231,90.8,0.734,4.59,94,0.101,19.3
ABS-UF,West_Marsh_Block_1_Sector_2,10/17/2018,SN,PBG,259,92.5,0.584,3.65,96,0.059,22.8
ABS-UF,West_Marsh_Block_1_Sector_3,10/17/2018,SN,PBG,259,92.1,0.616,3.85,95,0.106,24.7
ABS-UF,West_Marsh_Block_1_Sector_1,10/17/2018,SN,PBG,259,92.5,0.574,3.59,96.2,0.039,14.3
ABS-UF,West_Marsh_Block_1_Sector_2,11/14/2018,SN,PBG,287,92.8,0.597,3.73,96.1,0.057,29.4
ABS-UF,West_Marsh_Block_1_Sector_1,11/14/2018,SN,PBG,287,90.8,0.644,4.03,94.5,0.069,32.6
ABS-UF,West_Marsh_Block_1_Sector_3,11/14/2018,SN,PBG,287,90.1,0.825,5.16,94.8,0.12,30.1
ABS-UF,West_Marsh_Block_1_Sector_1,12/13/2018,SN,PBG,316,92.9,0.588,3.68,95.5,0.079,32.2
ABS-UF,West_Marsh_Block_1_Sector_2,12/13/2018,SN,PBG,316,95.9,0.659,4.12,95.4,0.09,32.2
ABS-UF,West_Marsh_Block_1_Sector_3,12/13/2018,SN,PBG,316,94.9,0.858,5.36,93.8,0.113,29.2
ABS-UF,West_Marsh_Block_1_Sector_1,1/16/2019,SN,PBG,-26,93.6,0.532,3.32,95.9,0.079,15.8
ABS-UF,West_Marsh_Block_1_Sector_2,1/16/2019,SN,PBG,-26,93,0.53,3.31,94.9,0.089,23.6
ABS-UF,West_Marsh_Block_1_Sector_3,1/16/2019,SN,PBG,-26,93.6,0.676,4.22,94.4,0.274,27.6
ABS-UF,West_Marsh_Block_1_Sector_2,2/15/2019,SN,PBG,4,97.5,0.557,3.48,96.6,0.243,25
ABS-UF,West_Marsh_Block_1_Sector_1,2/15/2019,SN,PBG,4,95.8,0.482,3.01,96.1,0.0332,19.8
ABS-UF,West_Marsh_Block_1_Sector_3,2/15/2019,SN,PBG,4,94.3,0.634,3.97,94.4,0.094,26.1
ABS-UF,West_Marsh_Block_1_Sector_3,3/14/2019,SN,PBG,31,94.5,0.646,4.03,94.5,0.095,22.9
ABS-UF,West_Marsh_Block_1_Sector_1,3/14/2019,SN,PBG,31,93.7,0.693,4.33,95.7,0.063,16.2
ABS-UF,West_Marsh_Block_1_Sector_2,3/14/2019,SN,PBG,31,91.5,1.565,9.78,93.2,0.185,33.6
ABS-UF,West_Marsh_Block_1_Sector_2,4/18/2019,SN,PBG,66,92.9,1.111,6.94,94.8,0.147,25.3
ABS-UF,West_Marsh_Block_1_Sector_1,4/21/2019,SN,PBG,69,92.3,0.554,3.46,96.6,0.068,13.8
ABS-UF,West_Marsh_Block_1_Sector_3,4/24/2019,SN,PBG,72,92.4,0.724,4.53,95.2,0.114,23
ABS-UF,West_Marsh_Block_1_Sector_1,6/13/2019,SN,PBG,122,92.9,0.434,2.71,92.9,0.053,36.3
ABS-UF,West_Marsh_Block_1_Sector_2,6/13/2019,SN,PBG,122,92.1,1.372,8.57,92.1,0.14,54.9
ABS-UF,West_Marsh_Block_1_Sector_3,6/13/2019,SN,PBG,122,93.4,0.549,3.43,93.4,0.081,40.2
ABS-UF,West_Marsh_Block_1_Sector_1,8/15/2019,SN,PBG,185,92.9,0.595,3.72,95.9,0.039,30.1
ABS-UF,West_Marsh_Block_1_Sector_2,8/15/2019,SN,PBG,185,92.7,0.761,4.76,95.1,0.059,30.9
ABS-UF,West_Marsh_Block_1_Sector_3,8/15/2019,SN,PBG,185,92.9,0.758,4.74,95.5,0.049,27.9
ABS-UF,West_Marsh_Block_1_Sector_1,9/13/2019,SN,PBG,214,93.9,0.549,3.43,96.4,0.053,23.3
ABS-UF,West_Marsh_Block_1_Sector_2,9/13/2019,SN,PBG,214,94.8,0.816,5.1,96.1,0.082,15.1
ABS-UF,West_Marsh_Block_1_Sector_3,9/13/2019,SN,PBG,214,93.9,0.615,3.84,96,0.068,26.9
ABS-UF,West_Marsh_Block_1_Sector_1,10/15/2019,SN,PBG,246,90.8,0.746,4.66,95.3,0.055,23.3
ABS-UF,West_Marsh_Block_1_Sector_2,10/15/2019,SN,PBG,246,92.8,0.683,4.27,97.1,0.099,25.6
ABS-UF,West_Marsh_Block_1_Sector_3,10/15/2019,SN,PBG,246,91.8,0.769,4.8,96.1,0.07,23.7
ABS-UF,West_Marsh_Block_1_Sector_2,3/29/2017,SN,PBG,55,91.2,0.985,6.15,94.5,0.191,41.4
ABS-UF,West_Marsh_Block_1_Sector_1,3/29/2017,SN,PBG,55,91.3,1.36,8.5,92.5,0.19,41.8
ABS-UF,West_Marsh_Block_1_Sector_2,3/29/2017,SN,PBG,55,92,0.854,5.34,93.9,0.152,20.3
ABS-UF,West_Marsh_Block_1_Sector_1,3/29/2017,SN,PBG,55,91.7,0.974,6.09,92.7,0.17,27.1
ABS-UF,West_Marsh_Block_1_Sector_3,3/29/2017,SN,PBG,55,91.2,1.198,7.49,94.5,0.163,37.9
ABS-UF,West_Marsh_Block_1_Sector_1,3/29/2017,SN,PBG,55,91.7,1.493,9.33,92.8,0.149,45.4
ABS-UF,West_Marsh_Block_1_Sector_3,3/29/2017,SN,PBG,55,91.9,1.005,6.28,91.8,0.149,30.3
ABS-UF,West_Marsh_Block_1_Sector_3,3/29/2017,SN,PBG,55,91.8,0.933,5.83,91.6,0.123,23
ABS-UF,West_Marsh_Block_1_Sector_1,3/29/2017,SN,PBG,55,92.6,1.171,7.32,95.5,0.15,27.4
ABS-UF,West_Marsh_Block_1_Sector_3,3/29/2017,SN,PBG,55,92.7,0.632,3.95,95.1,0.121,18.4
ABS-UF,West_Marsh_Block_1_Sector_3,3/29/2017,SN,PBG,55,91.4,0.941,5.88,90.2,0.162,23.5
ABS-UF,West_Marsh_Block_1_Sector_2,3/29/2017,SN,PBG,55,91,0.871,5.44,94,0.174,27.2
ABS-UF,West_Marsh_Block_1_Sector_2,3/29/2017,SN,PBG,55,91.7,0.719,4.49,96.3,0.113,20.6
ABS-UF,West_Marsh_Block_1_Sector_1,3/29/2017,SN,PBG,55,92.5,0.937,5.85,90.5,0.133,27.3
ABS-UF,West_Marsh_Block_1_Sector_2,3/29/2017,SN,PBG,55,91.7,0.668,4.18,94.5,0.129,23.7
ABS-UF,West_Marsh_Block_1_Sector_3,3/29/2017,SN,PBG,55,91.5,0.883,5.52,93.8,0.14,27.5
ABS-UF,West_Marsh_Block_1_Sector_2,3/29/2017,SN,PBG,55,91.1,0.764,4.77,92.1,0.123,22.1
ABS-UF,West_Marsh_Block_1_Sector_3,5/31/2017,SN,PBG,118,91.6,1.171,7.32,93.6,0.187,45.1
ABS-UF,West_Marsh_Block_1_Sector_2,5/31/2017,SN,PBG,118,91.6,0.982,6.14,95.5,0.2,43.8
ABS-UF,West_Marsh_Block_1_Sector_1,5/31/2017,SN,PBG,118,91.1,1.115,6.97,92.8,0.211,48.8
ABS-UF,West_Marsh_Block_1_Sector_1,5/31/2017,SN,PBG,118,91.7,1.428,8.92,91.6,0.179,46.6
ABS-UF,West_Marsh_Block_1_Sector_2,5/31/2017,SN,PBG,118,91.5,1.624,10.15,94.4,0.224,51.6
ABS-UF,West_Marsh_Block_1_Sector_3,5/31/2017,SN,PBG,118,91.4,1.049,6.56,92.9,0.206,42.4
ABS-UF,West_Marsh_Block_1_Sector_3,5/31/2017,SN,PBG,118,91.4,0.689,4.31,94.1,0.153,31.7
ABS-UF,West_Marsh_Block_1_Sector_1,5/31/2017,SN,PBG,118,91.8,1.083,6.77,93.2,0.186,42.2
ABS-UF,West_Marsh_Block_1_Sector_2,5/31/2017,SN,PBG,118,91.8,0.768,4.8,96.1,0.17,41.6
ABS-UF,West_Marsh_Block_1_Sector_2,5/31/2017,SN,PBG,118,91.2,1.165,7.28,95.1,0.158,44.6
ABS-UF,West_Marsh_Block_1_Sector_2,5/31/2017,SN,PBG,118,91.8,0.721,4.51,96.7,0.141,39.8
ABS-UF,West_Marsh_Block_1_Sector_2,5/31/2017,SN,PBG,118,92.5,1.033,6.46,92.9,0.231,53.8
ABS-UF,West_Marsh_Block_1_Sector_3,5/31/2017,SN,PBG,118,91.8,0.963,6.02,94,0.159,43.6
ABS-UF,West_Marsh_Block_1_Sector_2,5/31/2017,SN,PBG,118,92.6,0.911,5.7,95.2,0.221,43.8
ABS-UF,West_Marsh_Block_1_Sector_3,5/31/2017,SN,PBG,118,92.1,0.838,5.23,95.5,0.158,44.4
ABS-UF,West_Marsh_Block_1_Sector_1,5/31/2017,SN,PBG,118,91.9,0.959,6,91.5,0.158,48.1
ABS-UF,West_Marsh_Block_1_Sector_3,5/31/2017,SN,PBG,118,91.4,1.026,6.41,94,0.172,53.4
ABS-UF,West_Marsh_Block_1_Sector_3,10/24/2017,SN,PBG,264,91,1.077,6.73,91.6,0.257,29.5
ABS-UF,West_Marsh_Block_1_Sector_1,10/24/2017,SN,PBG,264,92.7,0.601,3.76,95.3,0.133,19.3
ABS-UF,West_Marsh_Block_1_Sector_2,10/24/2017,SN,PBG,264,92,0.673,4.21,96.4,0.13,18.4
ABS-UF,West_Marsh_Block_1_Sector_1,10/24/2017,SN,PBG,264,92.1,0.757,4.73,94.4,0.094,22.7
ABS-UF,West_Marsh_Block_1_Sector_1,10/24/2017,SN,PBG,264,91.2,0.778,4.86,94,0.153,26.5
ABS-UF,West_Marsh_Block_1_Sector_2,10/24/2017,SN,PBG,264,91.2,0.634,3.96,94.6,0.121,20.3
ABS-UF,West_Marsh_Block_1_Sector_1,10/24/2017,SN,PBG,264,90,0.88,5.5,95.5,0.088,28.3
ABS-UF,West_Marsh_Block_1_Sector_3,10/24/2017,SN,PBG,264,90.4,0.613,3.83,94.2,0.119,30.5
ABS-UF,West_Marsh_Block_1_Sector_2,10/24/2017,SN,PBG,264,92.9,0.557,3.48,96.9,0.116,27.4
ABS-UF,West_Marsh_Block_1_Sector_2,10/24/2017,SN,PBG,264,90.2,0.65,4.06,96.6,0.098,24.2
ABS-UF,West_Marsh_Block_1_Sector_3,10/24/2017,SN,PBG,264,90.9,0.914,5.71,95.3,0.117,19.4
ABS-UF,West_Marsh_Block_1_Sector_1,10/24/2017,SN,PBG,264,90.2,0.699,4.37,94.7,0.135,23.7
ABS-UF,West_Marsh_Block_1_Sector_2,10/24/2017,SN,PBG,264,90.2,0.634,3.97,96,0.139,25.6
ABS-UF,West_Marsh_Block_1_Sector_3,10/24/2017,SN,PBG,264,90.4,1.049,6.56,93.4,0.177,28.7
ABS-UF,West_Marsh_Block_1_Sector_3,10/24/2017,SN,PBG,264,90.4,0.909,5.68,95.2,0.136,29.2
ABS-UF,West_Marsh_Block_1_Sector_2,10/24/2017,SN,PBG,264,89.9,0.721,4.51,95.9,0.139,26.5
ABS-UF,West_Marsh_Block_1_Sector_1,10/24/2017,SN,PBG,264,89.2,0.679,4.25,93.5,0.178,31.9
ABS-UF,West_Marsh_Block_1_Sector_3,10/24/2017,SN,PBG,264,90.2,0.638,3.99,93.7,0.139,34.6
ABS-UF,Tropical_East_Block_2_Sector_1,1/18/2018,IMP,PBG,-4,89.9,0.795,4.97,92.3,0.089,33.3
ABS-UF,Tropical_East_Block_2_Sector_2,1/18/2018,IMP,PBG,-4,89.7,0.766,4.79,92.2,0.081,30.7
ABS-UF,Tropical_East_Block_2_Sector_3,1/18/2018,IMP,PBG,-4,90.1,0.857,5.36,95.2,0.081,26.5
ABS-UF,Tropical_East_Block_2_Sector_1,2/16/2018,IMP,PBG,25,89.5,0.833,5.2,92.2,0.081,34.3
ABS-UF,Tropical_East_Block_2_Sector_3,2/16/2018,IMP,PBG,25,90.1,0.784,4.9,95.2,0.06,28.5
ABS-UF,Tropical_East_Block_2_Sector_2,2/16/2018,IMP,PBG,25,91.2,1.91,11.93,91.1,0.257,61.3
ABS-UF,Tropical_East_Block_2_Sector_3,3/16/2018,IMP,PBG,53,93.1,0.768,4.8,94.6,0.071,29.4
ABS-UF,Tropical_East_Block_2_Sector_2,3/16/2018,IMP,PBG,53,96.3,1.086,6.79,77.4,0.125,41.9
ABS-UF,Tropical_East_Block_2_Sector_1,3/16/2018,IMP,PBG,53,95.8,0.828,5.18,91.8,0.079,32.1
ABS-UF,Tropical_East_Block_2_Sector_2,4/18/2018,IMP,PBG,86,93.3,0.871,5.45,93.5,0.131,28.1
ABS-UF,Tropical_East_Block_2_Sector_3,4/18/2018,IMP,PBG,86,92.9,1.033,6.45,91,0.142,42.8
ABS-UF,Tropical_East_Block_2_Sector_1,4/18/2018,IMP,PBG,86,92.7,0.996,6.22,93.6,0.112,43.4
ABS-UF,Tropical_East_Block_2_Sector_1,5/17/2018,IMP,PBG,115,92.5,0.988,6.18,94.2,0.093,35.4
ABS-UF,Tropical_East_Block_2_Sector_2,5/17/2018,IMP,PBG,115,93.8,1.28,8,93.7,0.159,49.8
ABS-UF,Tropical_East_Block_2_Sector_3,5/17/2018,IMP,PBG,115,95.7,1.073,6.71,78.1,0.109,36.3
ABS-UF,Tropical_East_Block_2_Sector_1,6/15/2018,IMP,PBG,144,93.7,0.677,4.23,94.8,0.08,40
ABS-UF,Tropical_East_Block_2_Sector_2,6/15/2018,IMP,PBG,144,93.5,1.098,6.86,93.9,0.141,42
ABS-UF,Tropical_East_Block_2_Sector_3,6/15/2018,IMP,PBG,144,91.3,0.969,6.05,91.8,0.083,23.4
ABS-UF,Tropical_East_Block_2_Sector_1,7/17/2018,IMP,PBG,176,90.1,1.016,6.35,93.9,0.136,49.2
ABS-UF,Tropical_East_Block_2_Sector_3,7/17/2018,IMP,PBG,176,90,1.011,6.32,93.9,0.117,48.5
ABS-UF,Tropical_East_Block_2_Sector_2,7/17/2018,IMP,PBG,176,89.2,0.884,5.52,94.7,0.118,48.5
ABS-UF,Tropical_East_Block_2_Sector_2,8/17/2018,IMP,PBG,207,87.2,0.74,4.63,94.4,0.142,40.3
ABS-UF,Tropical_East_Block_2_Sector_3,8/17/2018,IMP,PBG,207,88.1,0.715,4.47,93.9,0.098,35.8
ABS-UF,Tropical_East_Block_2_Sector_1,8/17/2018,IMP,PBG,207,88.6,0.824,5.15,93.5,0.095,42.2
ABS-UF,Tropical_East_Block_2_Sector_3,9/19/2018,IMP,PBG,240,92.2,0.72,4.5,95.1,0.06,31.7
ABS-UF,Tropical_East_Block_2_Sector_2,9/19/2018,IMP,PBG,240,93.6,0.664,4.15,92.7,0.107,35.3
ABS-UF,Tropical_East_Block_2_Sector_1,9/19/2018,IMP,PBG,240,93.9,0.654,4.09,93.6,0.096,35.3
ABS-UF,Tropical_East_Block_2_Sector_2,10/17/2018,IMP,PBG,268,89.5,0.816,5.1,93.3,0.12,32.8
ABS-UF,Tropical_East_Block_2_Sector_3,10/17/2018,IMP,PBG,268,90.4,0.783,4.9,92.7,0.102,30.8
ABS-UF,Tropical_East_Block_2_Sector_1,10/17/2018,IMP,PBG,268,90.3,0.72,4.5,92.6,0.079,30.2
ABS-UF,Tropical_East_Block_2_Sector_3,11/14/2018,IMP,PBG,296,89.6,0.792,4.95,93.9,0.109,34.6
ABS-UF,Tropical_East_Block_2_Sector_2,11/14/2018,IMP,PBG,296,89.5,0.85,5.31,93.6,0.129,40.2
ABS-UF,Tropical_East_Block_2_Sector_1,11/13/2018,IMP,PBG,295,89.1,0.797,4.98,93.4,0.084,34.7
ABS-UF,Tropical_East_Block_2_Sector_1,12/14/2018,IMP,PBG,326,94.8,0.745,4.66,93.6,0.1,32.3
ABS-UF,Tropical_East_Block_2_Sector_2,12/14/2018,IMP,PBG,326,89.3,0.701,4.38,93,0.153,33
ABS-UF,Tropical_East_Block_2_Sector_3,12/14/2018,IMP,PBG,326,89.7,0.704,4.4,95.2,0.07,28.7
ABS-UF,Tropical_East_Block_2_Sector_1,1/16/2019,IMP,PBG,-13,91.5,0.79,4.94,92.8,0.165,22.7
ABS-UF,Tropical_East_Block_2_Sector_3,1/16/2019,IMP,PBG,-13,93.8,0.761,4.76,93.4,0.139,25.4
ABS-UF,Tropical_East_Block_2_Sector_2,1/16/2019,IMP,PBG,-13,91.5,0.779,4.87,93.9,0.111,19.1
ABS-UF,Tropical_East_Block_2_Sector_2,2/15/2019,IMP,PBG,17,91.2,0.744,4.65,92.5,0.197,21.5
ABS-UF,Tropical_East_Block_2_Sector_1,2/15/2019,IMP,PBG,17,93.9,0.597,3.73,93.7,0.044,28.1
ABS-UF,Tropical_East_Block_2_Sector_3,2/15/2019,IMP,PBG,17,91.8,1.911,11.94,90.6,0.214,47.8
ABS-UF,Tropical_East_Block_2_Sector_2,3/15/2019,IMP,PBG,45,93.8,0.756,4.72,93.8,0.092,26.1
ABS-UF,Tropical_East_Block_2_Sector_1,3/15/2019,IMP,PBG,45,94.4,0.876,5.47,92.9,0.077,24.5
ABS-UF,Tropical_East_Block_2_Sector_3,3/15/2019,IMP,PBG,45,93.7,1.367,8.54,91.8,0.196,38.5
ABS-UF,Tropical_East_Block_2_Sector_2,4/16/2019,IMP,PBG,77,91.3,0.867,5.42,92.4,0.102,33.7
ABS-UF,Tropical_East_Block_2_Sector_1,4/16/2019,IMP,PBG,77,90.4,0.962,6.01,93.4,0.09,30.9
ABS-UF,Tropical_East_Block_2_Sector_3,4/16/2019,IMP,PBG,77,91.4,1.136,7.1,94.5,0.096,36.1
ABS-UF,Tropical_East_Block_2_Sector_1,6/14/2019,IMP,PBG,136,92.7,1.236,7.73,92.7,0.137,57.1
ABS-UF,Tropical_East_Block_2_Sector_2,6/14/2019,IMP,PBG,136,92,1.467,9.17,92,0.138,52.5
ABS-UF,Tropical_East_Block_2_Sector_3,6/14/2019,IMP,PBG,136,92.4,1.537,9.61,92.4,0.179,60.2
ABS-UF,Tropical_East_Block_2_Sector_1,8/15/2019,IMP,PBG,198,91.8,1.004,6.28,93.4,0.079,35.5
ABS-UF,Tropical_East_Block_2_Sector_2,8/15/2019,IMP,PBG,198,91.6,0.888,5.55,93.9,0.089,33.3
ABS-UF,Tropical_East_Block_2_Sector_3,8/15/2019,IMP,PBG,198,92.2,1.002,6.26,94.4,0.089,32.2
ABS-UF,Tropical_East_Block_2_Sector_1,9/13/2019,IMP,PBG,227,92.7,0.887,5.54,91.8,0.101,32.4
ABS-UF,Tropical_East_Block_2_Sector_2,9/13/2019,IMP,PBG,227,92.9,0.691,4.32,93.8,0.114,29.7
ABS-UF,Tropical_East_Block_2_Sector_3,9/13/2019,IMP,PBG,227,92.5,0.691,4.32,93.5,0.129,30.6
ABS-UF,Tropical_East_Block_2_Sector_1,10/15/2019,IMP,PBG,259,92.2,0.93,5.81,93.1,0.114,29.7
ABS-UF,Tropical_East_Block_2_Sector_2,10/15/2019,IMP,PBG,259,91.7,0.823,5.14,94,0.13,28.5
ABS-UF,Tropical_East_Block_2_Sector_3,10/15/2019,IMP,PBG,259,92.7,0.549,3.43,96.1,0.038,21.5
ABS-UF,Tropical_East_Block_2_Sector_1,3/30/2017,IMP,PBG,58,91.7,1.745,10.9,83.1,0.166,55.6
ABS-UF,Tropical_East_Block_2_Sector_1,3/30/2017,IMP,PBG,58,92.9,1.205,7.53,86.6,0.169,49.2
ABS-UF,Tropical_East_Block_2_Sector_2,3/30/2017,IMP,PBG,58,92.8,0.774,4.84,93.9,0.134,28.5
ABS-UF,Tropical_East_Block_2_Sector_3,3/30/2017,IMP,PBG,58,92.9,0.816,5.1,95.3,0.078,27.6
ABS-UF,Tropical_East_Block_2_Sector_2,3/30/2017,IMP,PBG,58,93.1,0.719,4.5,91.8,0.15,31.9
ABS-UF,Tropical_East_Block_2_Sector_3,3/30/2017,IMP,PBG,58,93.2,0.81,5.06,91.6,0.114,30
ABS-UF,Tropical_East_Block_2_Sector_3,3/30/2017,IMP,PBG,58,92.6,0.719,4.49,94,0.094,25.7
ABS-UF,Tropical_East_Block_2_Sector_3,3/30/2017,IMP,PBG,58,92.9,0.651,4.07,93.3,0.105,30.7
ABS-UF,Tropical_East_Block_2_Sector_2,3/30/2017,IMP,PBG,58,92.7,0.765,4.78,92.1,0.151,33.4
ABS-UF,Tropical_East_Block_2_Sector_2,3/30/2017,IMP,PBG,58,92.6,0.838,5.24,92.3,0.14,36.3
ABS-UF,Tropical_East_Block_2_Sector_3,3/30/2017,IMP,PBG,58,92.8,0.729,4.56,93.9,0.142,32
ABS-UF,Tropical_East_Block_2_Sector_3,3/30/2017,IMP,PBG,58,93.1,0.933,5.83,93.1,0.18,38.8
ABS-UF,Tropical_East_Block_2_Sector_1,3/30/2017,IMP,PBG,58,93.6,1.886,11.79,87.3,0.239,46.1
ABS-UF,Tropical_East_Block_2_Sector_2,3/30/2017,IMP,PBG,58,92.4,0.895,5.6,92.9,0.162,38.8
ABS-UF,Tropical_East_Block_2_Sector_1,3/30/2017,IMP,PBG,58,93.6,1.487,9.29,77.4,0.188,52
ABS-UF,Tropical_East_Block_2_Sector_2,3/30/2017,IMP,PBG,58,92.4,0.778,4.87,94.3,0.106,29.5
ABS-UF,Tropical_East_Block_2_Sector_1,3/30/2017,IMP,PBG,58,93.8,1.385,8.65,74.1,0.213,41.5
ABS-UF,Tropical_East_Block_2_Sector_1,5/30/2017,IMP,PBG,119,91.5,1.197,7.48,91.8,0.174,54
ABS-UF,Tropical_East_Block_2_Sector_2,5/30/2017,IMP,PBG,119,91.8,0.827,5.17,94.2,0.107,36.5
ABS-UF,Tropical_East_Block_2_Sector_1,5/30/2017,IMP,PBG,119,91.7,1.196,7.47,87.1,0.155,52.5
ABS-UF,Tropical_East_Block_2_Sector_3,5/30/2017,IMP,PBG,119,91.5,0.832,5.2,94.8,0.108,38
ABS-UF,Tropical_East_Block_2_Sector_3,5/30/2017,IMP,PBG,119,91.9,1.063,6.64,93.1,0.182,40.5
ABS-UF,Tropical_East_Block_2_Sector_1,5/30/2017,IMP,PBG,119,90.9,1.221,7.63,93.3,0.247,48.9
ABS-UF,Tropical_East_Block_2_Sector_1,5/30/2017,IMP,PBG,119,92.1,1.391,8.69,92,0.201,41
ABS-UF,Tropical_East_Block_2_Sector_3,5/30/2017,IMP,PBG,119,91.6,1.006,6.29,94.9,0.105,39.8
ABS-UF,Tropical_East_Block_2_Sector_1,5/30/2017,IMP,PBG,119,91.1,1.516,9.47,92.3,0.23,58.8
ABS-UF,Tropical_East_Block_2_Sector_3,5/30/2017,IMP,PBG,119,91.8,1.42,8.88,93.7,0.124,36.9
ABS-UF,Tropical_East_Block_2_Sector_2,5/30/2017,IMP,PBG,119,93.1,0.878,5.49,93,0.131,40.3
ABS-UF,Tropical_East_Block_2_Sector_3,5/30/2017,IMP,PBG,119,93.1,0.927,5.79,94,0.123,40.2
ABS-UF,Tropical_East_Block_2_Sector_3,5/30/2017,IMP,PBG,119,93,1.16,7.25,93.9,0.132,42.3
ABS-UF,Tropical_East_Block_2_Sector_2,5/30/2017,IMP,PBG,119,93.4,0.848,5.3,91.9,0.114,38.8
ABS-UF,Tropical_East_Block_2_Sector_2,5/30/2017,IMP,PBG,119,93.1,0.679,4.24,92.2,0.113,35.5
ABS-UF,Tropical_East_Block_2_Sector_2,5/30/2017,IMP,PBG,119,93.5,0.835,5.22,94.3,0.112,40.4
ABS-UF,Tropical_East_Block_2_Sector_2,5/30/2017,IMP,PBG,119,92.7,0.748,4.67,92.7,0.124,37.4
ABS-UF,Tropical_East_Block_2_Sector_1,5/30/2017,IMP,PBG,119,93,1.404,8.77,90.7,0.246,52.3
ABS-UF,Tropical_East_Block_2_Sector_2,8/30/2017,IMP,PBG,211,92.3,0.841,5.26,95,0.089,36.7
ABS-UF,Tropical_East_Block_2_Sector_2,8/31/2017,IMP,PBG,212,91.4,0.749,4.68,94.7,0.092,33.8
ABS-UF,Tropical_East_Block_2_Sector_2,8/31/2017,IMP,PBG,212,93.8,0.834,5.21,94.7,0.171,34.8
ABS-UF,Tropical_East_Block_2_Sector_2,8/31/2017,IMP,PBG,212,91.4,0.742,4.64,93.8,0.149,30.4
ABS-UF,Tropical_East_Block_2_Sector_3,8/31/2017,IMP,PBG,212,92.9,0.873,5.46,95,0.18,34.3
ABS-UF,Tropical_East_Block_2_Sector_1,8/31/2017,IMP,PBG,212,93.5,0.782,4.88,88.1,0.141,45.1
ABS-UF,Tropical_East_Block_2_Sector_1,8/31/2017,IMP,PBG,212,94,0.797,4.98,91.5,0.144,38.8
ABS-UF,Tropical_East_Block_2_Sector_2,8/31/2017,IMP,PBG,212,93.8,0.708,4.43,94.5,0.124,29.7
ABS-UF,Tropical_East_Block_2_Sector_3,8/31/2017,IMP,PBG,212,93.8,0.741,4.63,94.6,0.132,38.4
ABS-UF,Tropical_East_Block_2_Sector_1,8/31/2017,IMP,PBG,212,94.4,0.832,5.2,91.2,0.17,39.3
ABS-UF,Tropical_East_Block_2_Sector_3,8/31/2017,IMP,PBG,212,93.3,0.843,5.27,94.5,0.099,42.7
ABS-UF,Tropical_East_Block_2_Sector_3,8/31/2017,IMP,PBG,212,94.1,0.753,4.7,95.7,0.107,34.2
ABS-UF,Tropical_East_Block_2_Sector_1,8/31/2017,IMP,PBG,212,91.2,1.138,7.11,94,0.175,26.7
ABS-UF,Tropical_East_Block_2_Sector_1,8/31/2017,IMP,PBG,212,93.9,0.792,4.95,94.9,0.17,39.9
ABS-UF,Tropical_East_Block_2_Sector_3,8/31/2017,IMP,PBG,212,93.9,0.708,4.43,95.1,0.106,33.6
ABS-UF,Tropical_East_Block_2_Sector_3,8/31/2017,IMP,PBG,212,92,0.84,5.25,94.8,0.144,34.8
ABS-UF,Tropical_East_Block_2_Sector_1,8/31/2017,IMP,PBG,212,92.4,0.893,5.58,94.9,0.147,44.4
ABS-UF,Tropical_East_Block_2_Sector_2,8/31/2017,IMP,PBG,212,92.1,0.842,5.27,94.7,0.126,35.1
ABS-UF,Tropical_East_Block_2_Sector_1,10/24/2017,IMP,PBG,266,94.3,0.728,4.55,91.7,0.17,25.8
ABS-UF,Tropical_East_Block_2_Sector_2,10/24/2017,IMP,PBG,266,94,0.678,4.23,89.5,0.126,33.6
ABS-UF,Tropical_East_Block_2_Sector_3,10/24/2017,IMP,PBG,266,91.3,0.697,4.36,93.8,0.129,31.7
ABS-UF,Tropical_East_Block_2_Sector_1,10/24/2017,IMP,PBG,266,93.8,0.708,4.42,94.5,0.232,41.2
ABS-UF,Tropical_East_Block_2_Sector_1,10/24/2017,IMP,PBG,266,93.2,0.903,5.65,92.6,0.16,35.9
ABS-UF,Tropical_East_Block_2_Sector_3,10/24/2017,IMP,PBG,266,92.8,0.788,4.92,94.9,0.151,33.6
ABS-UF,Tropical_East_Block_2_Sector_3,10/24/2017,IMP,PBG,266,92.9,0.713,4.45,94.6,0.125,33.4
ABS-UF,Tropical_East_Block_2_Sector_1,10/24/2017,IMP,PBG,266,93.1,0.798,4.98,92.5,0.126,34.3
ABS-UF,Tropical_East_Block_2_Sector_3,10/24/2017,IMP,PBG,266,92.3,0.714,4.46,94.7,0.125,32.4
ABS-UF,Tropical_East_Block_2_Sector_2,10/24/2017,IMP,PBG,266,92.8,0.683,4.27,88.3,0.127,38.4
ABS-UF,Tropical_East_Block_2_Sector_2,10/24/2017,IMP,PBG,266,94.6,0.892,5.57,71.5,0.158,30.4
ABS-UF,Tropical_East_Block_2_Sector_2,10/24/2017,IMP,PBG,266,93.2,1.077,6.73,94,0.126,28.9
ABS-UF,Tropical_East_Block_2_Sector_3,10/24/2017,IMP,PBG,266,94.4,0.775,4.84,94.9,0.131,30.8
ABS-UF,Tropical_East_Block_2_Sector_2,10/24/2017,IMP,PBG,266,93,0.799,4.99,94.6,0.117,35.1
ABS-UF,Tropical_East_Block_2_Sector_3,10/24/2017,IMP,PBG,266,94.6,0.913,5.7,93.9,0.07,31.3
ABS-UF,Tropical_East_Block_2_Sector_1,10/24/2017,IMP,PBG,266,93.9,0.716,4.48,95,0.125,29.4
ABS-UF,Tropical_East_Block_2_Sector_2,10/24/2017,IMP,PBG,266,94.3,0.759,4.75,93.6,0.144,35.6
ABS-UF,Tropical_East_Block_2_Sector_1,10/24/2017,IMP,PBG,266,95.2,0.808,5.05,87.1,0.174,36.2
ABS-UF,Shop_Field_Block,1/19/2018,IMP,FB,-3,88.8,0.951,5.94,93.5,0.081,26.1
ABS-UF,Shop_Field_Block,2/15/2018,IMP,FB,24,94.9,0.786,4.91,95.1,0.086,30.8
ABS-UF,Shop_Field_Block,3/15/2018,IMP,FB,52,92.5,0.988,6.18,94.2,0.093,35.4
ABS-UF,Shop_Field_Block,4/17/2018,IMP,FB,85,93.5,1.098,6.86,93.9,0.141,42
ABS-UF,Shop_Field_Block,5/15/2018,IMP,FB,113,94.1,0.725,4.53,94.9,0.091,28.4
ABS-UF,Shop_Field_Block,6/13/2018,IMP,FB,142,93.7,1.069,6.68,94.3,0.111,51.8
ABS-UF,Shop_Field_Block,7/17/2018,IMP,FB,176,89.7,0.942,5.88,95.6,0.072,43.9
ABS-UF,Shop_Field_Block,8/15/2018,IMP,FB,205,89.8,0.638,3.99,94.6,0.084,35.9
ABS-UF,Shop_Field_Block,9/17/2018,IMP,FB,238,92.4,0.975,6.09,93.3,0.078,36.9
ABS-UF,Shop_Field_Block,10/16/2018,IMP,FB,267,93.1,0.94,5.88,93.2,0.089,32.1
ABS-UF,Shop_Field_Block,11/14/2018,IMP,FB,296,90.3,0.884,5.52,94,0.081,38.1
ABS-UF,Shop_Field_Block,12/13/2018,IMP,FB,325,93.3,0.795,4.97,91.9,0.09,35.3
ABS-UF,Shop_Field_Block,1/14/2019,IMP,FB,-15,91.1,0.84,5.25,93.6,0.407,26.7
ABS-UF,Shop_Field_Block,2/14/2019,IMP,FB,16,96.4,0.752,4.7,94.5,0.071,25.1
ABS-UF,Shop_Field_Block,3/14/2019,IMP,FB,44,94.4,0.694,4.33,94,0.089,21.7
ABS-UF,Shop_Field_Block,4/16/2019,IMP,FB,77,90.2,1.115,6.97,94.5,0.084,29.3
ABS-UF,Shop_Field_Block,6/13/2019,IMP,FB,135,92.6,1.942,12.14,92.6,0.151,50.2
ABS-UF,Shop_Field_Block,8/15/2019,IMP,FB,198,91.9,1.469,9.18,92.9,0.148,34.9
ABS-UF,Shop_Field_Block,9/11/2019,IMP,FB,225,92.9,1.09,6.81,94.7,0.13,39
ABS-UF,Shop_Field_Block,10/14/2019,IMP,FB,258,94.3,1.204,7.53,94,0.144,33.3
ABS-UF,Shop_Field_Block,4/24/2017,IMP,FB,80,90.9,1.624,10.15,91.5,0.293,51.4
ABS-UF,Shop_Field_Block,4/24/2017,IMP,FB,80,91.2,1.403,8.77,87.2,0.302,44.5
ABS-UF,Shop_Field_Block,4/24/2017,IMP,FB,80,91.1,1.479,9.25,91.7,0.3,45
ABS-UF,Shop_Field_Block,4/24/2017,IMP,FB,80,91.1,1.229,7.68,89.3,0.217,52.1
ABS-UF,Shop_Field_Block,4/24/2017,IMP,FB,80,91.6,1.321,8.26,91.1,0.174,55.8
ABS-UF,Shop_Field_Block,4/24/2017,IMP,FB,80,91.4,1.363,8.52,92.8,0.237,52.8
ABS-UF,Shop_Field_Block,7/26/2017,IMP,FB,173,95,1.262,7.89,78.8,0.179,40.6
ABS-UF,Shop_Field_Block,7/26/2017,IMP,FB,173,90.9,1.056,6.6,92.9,0.277,40.6
ABS-UF,Shop_Field_Block,7/26/2017,IMP,FB,173,90.1,1.1,6.88,94,0.243,44.7
ABS-UF,Shop_Field_Block,7/26/2017,IMP,FB,173,90.1,1.364,8.52,90.9,0.303,40.4
ABS-UF,Shop_Field_Block,7/26/2017,IMP,FB,173,90.9,1.186,7.41,93.1,0.246,42.9
ABS-UF,Shop_Field_Block,7/26/2017,IMP,FB,173,90.2,1.214,7.59,91.6,0.336,48.2
ABS-UF,Shop_Field_Block,10/3/2017,IMP,FB,242,89.6,1.291,8.07,92.2,0.255,27.8
ABS-UF,Shop_Field_Block,10/3/2017,IMP,FB,242,94.9,0.799,4.99,94,0.18,27.2
ABS-UF,Shop_Field_Block,10/3/2017,IMP,FB,242,90.3,1.252,7.83,92.2,0.193,33.1
ABS-UF,Shop_Field_Block,10/3/2017,IMP,FB,242,89.9,1.418,8.86,93,0.21,25.2
ABS-UF,Shop_Field_Block,10/3/2017,IMP,FB,242,90.8,1.139,7.12,90.8,0.32,32.4
ABS-UF,Shop_Field_Block,10/3/2017,IMP,FB,242,90.7,0.907,5.67,94.3,0.195,36.2
ABS-UF,Shop_Field_Block,10/25/2017,IMP,FB,264,94.1,0.738,4.61,94.4,0.158,33.5
ABS-UF,Shop_Field_Block,10/25/2017,IMP,FB,264,95.5,0.891,5.57,94.1,0.175,37.8
ABS-UF,Shop_Field_Block,10/25/2017,IMP,FB,264,93.1,1.272,7.95,93.6,0.171,39.6
ABS-UF,Shop_Field_Block,10/25/2017,IMP,FB,264,93.7,1.119,7,93.4,0.172,36.3
ABS-UF,Shop_Field_Block,10/25/2017,IMP,FB,264,90.8,0.956,5.98,92.8,0.159,32.8
ABS-UF,Shop_Field_Block,10/25/2017,IMP,FB,264,90.6,1.052,6.57,93.6,0.235,34.5
ABS-UF,Shop_Field_Block,11/28/2017,IMP,FB,298,89.6,0.881,5.5,91.6,0.179,31.8
ABS-UF,Shop_Field_Block,11/28/2017,IMP,FB,298,90.9,0.872,5.45,85.4,0.14,36.6
ABS-UF,Shop_Field_Block,11/28/2017,IMP,FB,298,91.1,0.799,4.99,93.4,0.162,34.4
ABS-UF,Shop_Field_Block,11/28/2017,IMP,FB,298,90.6,0.878,5.49,92.7,0.17,37.6
ABS-UF,Shop_Field_Block,11/28/2017,IMP,FB,298,90.7,0.995,6.22,91.7,0.158,35.1
ABS-UF,Shop_Field_Block,11/28/2017,IMP,FB,298,91.1,1.26,7.88,91.9,0.215,38.5
ABS-UF,West_Marsh_Block_4,1/18/2018,SN,FB,-14,90.1,0.805,5.03,95.3,0.111,34.6
ABS-UF,West_Marsh_Block_4,2/15/2018,SN,FB,14,92.9,1.007,6.3,93.7,0.126,34.3
ABS-UF,West_Marsh_Block_4,3/15/2018,SN,FB,42,95,0.808,5.05,94.6,0.101,37.1
ABS-UF,West_Marsh_Block_4,4/17/2018,SN,FB,75,93,0.983,6.15,93.7,0.14,41.5
ABS-UF,West_Marsh_Block_4,5/16/2018,SN,FB,104,96.3,1.086,6.79,77.4,0.125,41.9
ABS-UF,West_Marsh_Block_4,6/14/2018,SN,FB,133,94,1.49,9.31,90.9,0.199,55.1
ABS-UF,West_Marsh_Block_4,7/16/2018,SN,FB,165,90.2,0.662,4.13,95.6,0.043,37.8
ABS-UF,West_Marsh_Block_4,8/15/2018,SN,FB,195,90.7,0.771,4.82,95.2,0.076,37.8
ABS-UF,West_Marsh_Block_4,9/19/2018,SN,FB,230,91,0.769,4.81,94.6,0.09,27.4
ABS-UF,West_Marsh_Block_4,10/16/2018,SN,FB,257,92,0.894,5.59,94.4,0.079,18.3
ABS-UF,West_Marsh_Block_4,11/14/2018,SN,FB,286,88.9,0.745,4.66,93.7,0.108,37.7
ABS-UF,West_Marsh_Block_4,12/13/2018,SN,FB,315,90.3,0.658,4.11,94.6,0.069,32.1
ABS-UF,West_Marsh_Block_4,1/16/2019,SN,FB,-21,94.2,0.663,4.15,94.7,0.098,24.7
ABS-UF,West_Marsh_Block_4,2/14/2019,SN,FB,8,95.6,0.632,3.95,94.4,0.043,25.6
ABS-UF,West_Marsh_Block_4,3/14/2019,SN,FB,36,93.6,0.618,3.86,94.9,0.058,20
ABS-UF,West_Marsh_Block_4,4/16/2019,SN,FB,69,90.3,0.87,5.44,94.4,0.103,31.5
ABS-UF,West_Marsh_Block_4,6/12/2019,SN,FB,126,92.3,0.72,4.5,92.3,0.081,28.9
ABS-UF,West_Marsh_Block_4,8/15/2019,SN,FB,190,93.6,1.057,6.61,92.2,0.097,37.9
ABS-UF,West_Marsh_Block_4,9/12/2019,SN,FB,218,93.2,0.761,4.76,95.4,0.099,21.6
ABS-UF,West_Marsh_Block_4,10/16/2019,SN,FB,252,91.9,1.178,7.36,93.1,0.808,31.4
ABS-UF,West_Marsh_Block_4,4/24/2017,SN,FB,80,93.2,0.926,5.79,93.9,0.133,42
ABS-UF,West_Marsh_Block_4,4/24/2017,SN,FB,80,93.6,2.22,13.87,94.6,0.243,47.1
ABS-UF,West_Marsh_Block_4,4/24/2017,SN,FB,80,93,1.176,7.35,94.2,0.133,48.1
ABS-UF,West_Marsh_Block_4,4/24/2017,SN,FB,80,93,1.919,11.99,94.5,0.306,55.6
ABS-UF,West_Marsh_Block_4,4/24/2017,SN,FB,80,93.2,1.226,7.66,90.1,0.183,49.3
ABS-UF,West_Marsh_Block_4,10/3/2017,SN,FB,242,91.7,0.819,5.12,93.5,0.125,35.5
ABS-UF,West_Marsh_Block_4,10/3/2017,SN,FB,242,91.6,1.031,6.44,94,0.146,31.9
ABS-UF,West_Marsh_Block_4,10/3/2017,SN,FB,242,94.4,0.806,5.04,95,0.162,30.7
ABS-UF,West_Marsh_Block_4,10/3/2017,SN,FB,242,94.2,0.839,5.24,95.5,0.132,22.7
ABS-UF,West_Marsh_Block_4,10/3/2017,SN,FB,242,91.5,1.219,7.62,94,0.179,35.9
ABS-UF,West_Marsh_Block_4,10/3/2017,SN,FB,242,91.9,1.134,7.09,95,0.158,19.6
ABS-UF,West_Marsh_Block_3_Sector_2,1/18/2018,SN,PBG,-14,90.1,0.845,5.28,95.4,0.069,32.7
ABS-UF,West_Marsh_Block_3_Sector_3,1/18/2018,SN,PBG,-13,89.8,0.752,4.7,95.5,0.059,32.9
ABS-UF,West_Marsh_Block_3_Sector_1,1/18/2018,SN,PBG,-14,90.2,0.699,4.37,95.7,0.078,37.8
ABS-UF,West_Marsh_Block_3_Sector_1,2/15/2018,SN,PBG,14,95.3,0.823,5.14,94.2,0.115,33.6
ABS-UF,West_Marsh_Block_3_Sector_3,3/15/2018,SN,PBG,43,95,0.722,4.51,94.8,0.061,33.6
ABS-UF,West_Marsh_Block_3_Sector_2,3/15/2018,SN,PBG,42,94.1,1.11,6.94,94.4,0.089,51.4
ABS-UF,West_Marsh_Block_3_Sector_1,3/15/2018,SN,PBG,42,95.5,0.877,5.48,94.9,0.09,37.4
ABS-UF,West_Marsh_Block_3_Sector_3,4/17/2018,SN,PBG,76,93.7,0.677,4.23,94.8,0.08,40
ABS-UF,West_Marsh_Block_3_Sector_1,4/17/2018,SN,PBG,75,92.9,0.714,4.47,95.1,0.092,40.5
ABS-UF,West_Marsh_Block_3_Sector_2,4/17/2018,SN,PBG,75,94,0.673,4.21,95.5,0.092,27.6
ABS-UF,West_Marsh_Block_3_Sector_2,5/16/2018,SN,PBG,104,94.6,1.059,6.62,93.2,0.102,38.4
ABS-UF,West_Marsh_Block_3_Sector_3,5/16/2018,SN,PBG,105,95.5,0.877,5.48,94.9,0.09,37.4
ABS-UF,West_Marsh_Block_3_Sector_1,5/16/2018,SN,PBG,104,95.8,0.828,5.18,91.8,0.079,32.1
ABS-UF,West_Marsh_Block_3_Sector_1,6/14/2018,SN,PBG,133,93.8,1.165,7.28,95.1,0.15,42.4
ABS-UF,West_Marsh_Block_3_Sector_3,6/14/2018,SN,PBG,134,94.3,0.578,3.61,96.5,0.06,32.2
ABS-UF,West_Marsh_Block_3_Sector_2,6/14/2018,SN,PBG,133,93.5,1.532,9.58,91.3,0.297,49.8
ABS-UF,West_Marsh_Block_3_Sector_2,7/16/2018,SN,PBG,165,90.6,0.871,5.44,94.3,0.088,38.9
ABS-UF,West_Marsh_Block_3_Sector_3,7/16/2018,SN,PBG,166,88.9,0.803,5.02,95.6,0.043,41.8
ABS-UF,West_Marsh_Block_3_Sector_1,7/16/2018,SN,PBG,165,88.6,0.86,5.38,94.3,0.092,41.1
ABS-UF,West_Marsh_Block_3_Sector_3,8/15/2018,SN,PBG,196,87.8,0.811,5.07,95.3,0.077,38.1
ABS-UF,West_Marsh_Block_3_Sector_1,8/15/2018,SN,PBG,195,90.3,0.76,4.75,94.2,0.084,38.6
ABS-UF,West_Marsh_Block_3_Sector_2,8/15/2018,SN,PBG,195,89.9,0.872,5.45,94.2,0.124,42.5
ABS-UF,West_Marsh_Block_3_Sector_1,9/19/2018,SN,PBG,230,94.1,0.713,4.45,94.8,0.079,35.4
ABS-UF,West_Marsh_Block_3_Sector_2,9/19/2018,SN,PBG,230,91.3,0.856,5.35,94.3,0.09,27.1
ABS-UF,West_Marsh_Block_3_Sector_3,9/19/2018,SN,PBG,231,90.8,0.733,4.58,94.5,0.071,29.8
ABS-UF,West_Marsh_Block_3_Sector_3,10/16/2018,SN,PBG,258,90.2,0.741,4.63,94.9,0.072,25.8
ABS-UF,West_Marsh_Block_3_Sector_2,10/16/2018,SN,PBG,257,92,0.896,5.6,94.9,0.089,33.8
ABS-UF,West_Marsh_Block_3_Sector_1,10/16/2018,SN,PBG,257,92.1,0.797,4.98,94.6,0.088,31.9
ABS-UF,West_Marsh_Block_3_Sector_1,11/14/2018,SN,PBG,286,90.4,0.775,4.84,95.7,0.082,36
ABS-UF,West_Marsh_Block_3_Sector_2,11/14/2018,SN,PBG,286,89.5,0.94,5.87,93.4,0.142,38.3
ABS-UF,West_Marsh_Block_3_Sector_3,11/14/2018,SN,PBG,286,91.1,0.696,4.35,95.1,0.07,39.2
ABS-UF,West_Marsh_Block_3_Sector_1,12/13/2018,SN,PBG,315,95.1,0.773,4.83,95.6,0.078,33.9
ABS-UF,West_Marsh_Block_3_Sector_2,12/13/2018,SN,PBG,315,94.5,0.747,4.67,96,0.078,34.5
ABS-UF,West_Marsh_Block_3_Sector_3,12/13/2018,SN,PBG,315,92,0.757,4.73,95,0.067,32.9
ABS-UF,West_Marsh_Block_3_Sector_1,1/14/2019,SN,PBG,-23,89.1,0.756,4.72,95.4,0.2,32.2
ABS-UF,West_Marsh_Block_3_Sector_2,1/16/2019,SN,PBG,-21,94.2,0.94,5.88,95.2,0.098,31.6
ABS-UF,West_Marsh_Block_3_Sector_3,1/16/2019,SN,PBG,-21,94.1,0.704,4.4,94.4,0.187,26.7
ABS-UF,West_Marsh_Block_3_Sector_1,2/14/2019,SN,PBG,8,96.7,1.355,8.47,93.9,0.297,45.3
ABS-UF,West_Marsh_Block_3_Sector_3,2/14/2019,SN,PBG,8,92.1,0.725,4.53,95.5,0.079,29.8
ABS-UF,West_Marsh_Block_3_Sector_2,2/14/2019,SN,PBG,8,95,0.72,4.5,94.8,0.259,32.1
ABS-UF,West_Marsh_Block_3_Sector_2,3/14/2019,SN,PBG,36,93.3,0.84,5.25,95.4,0.078,26.1
ABS-UF,West_Marsh_Block_3_Sector_3,3/14/2019,SN,PBG,36,91.6,0.631,3.94,94.9,0.066,23.2
ABS-UF,West_Marsh_Block_3_Sector_1,3/14/2019,SN,PBG,36,95.5,1.385,8.66,92.7,0.173,51.1
ABS-UF,West_Marsh_Block_3_Sector_3,4/16/2019,SN,PBG,69,90.7,0.65,4.06,95.6,0.055,29.4
ABS-UF,West_Marsh_Block_3_Sector_2,4/16/2019,SN,PBG,69,90.7,0.698,4.37,95.5,0.076,26.4
ABS-UF,West_Marsh_Block_3_Sector_1,4/16/2019,SN,PBG,69,92.2,1.358,8.49,93.8,0.191,38.4
ABS-UF,West_Marsh_Block_3_Sector_1,6/12/2019,SN,PBG,126,92.6,1.232,7.7,92.6,0.141,43.7
ABS-UF,West_Marsh_Block_3_Sector_2,6/12/2019,SN,PBG,126,91.8,0.699,4.37,91.8,0.083,40
ABS-UF,West_Marsh_Block_3_Sector_3,6/12/2019,SN,PBG,126,92.1,0.774,4.84,92.1,0.063,39
ABS-UF,West_Marsh_Block_3_Sector_1,8/15/2019,SN,PBG,190,92.2,1.178,7.36,91.5,0.117,31.9
ABS-UF,West_Marsh_Block_3_Sector_2,8/15/2019,SN,PBG,190,93.9,0.966,6.04,91.9,0.086,43.1
ABS-UF,West_Marsh_Block_3_Sector_3,8/15/2019,SN,PBG,190,93.6,0.812,5.08,94.3,0.048,39.8
ABS-UF,West_Marsh_Block_3_Sector_1,9/12/2019,SN,PBG,218,92.1,1.174,7.34,93.2,0.193,43
ABS-UF,West_Marsh_Block_3_Sector_2,9/12/2019,SN,PBG,218,93.6,0.622,3.89,96.2,0.084,28.2
ABS-UF,West_Marsh_Block_3_Sector_3,9/12/2019,SN,PBG,218,92.5,0.812,5.07,92.7,0.069,23.5
ABS-UF,West_Marsh_Block_3_Sector_1,10/16/2019,SN,PBG,252,95.6,0.772,4.83,95.2,0.157,35.8
ABS-UF,West_Marsh_Block_3_Sector_2,10/16/2019,SN,PBG,252,94.9,1.123,7.02,94.6,0.128,39
ABS-UF,West_Marsh_Block_3_Sector_3,10/16/2019,SN,PBG,252,94.4,0.912,5.7,94.7,0.082,31
ABS-UF,West_Marsh_Block_3_Sector_3,3/29/2017,SN,PBG,54,91.7,1.376,8.6,94.1,0.204,46.5
ABS-UF,West_Marsh_Block_3_Sector_2,3/29/2017,SN,PBG,54,91.7,0.693,4.33,93.9,0.13,31.6
ABS-UF,West_Marsh_Block_3_Sector_1,3/29/2017,SN,PBG,54,91.8,0.96,6,94,0.159,36.8
ABS-UF,West_Marsh_Block_3_Sector_3,3/29/2017,SN,PBG,54,92.4,0.954,5.96,90.2,0.112,25
ABS-UF,West_Marsh_Block_3_Sector_3,3/29/2017,SN,PBG,54,91.9,0.975,6.1,90.8,0.164,20.3
ABS-UF,West_Marsh_Block_3_Sector_1,3/29/2017,SN,PBG,54,91.3,0.637,3.98,94.7,0.111,36.1
ABS-UF,West_Marsh_Block_3_Sector_3,3/29/2017,SN,PBG,54,91.9,0.765,4.78,94.7,0.185,33.6
ABS-UF,West_Marsh_Block_3_Sector_3,3/29/2017,SN,PBG,54,91.2,0.984,6.15,94,0.112,33.6
ABS-UF,West_Marsh_Block_3_Sector_1,3/29/2017,SN,PBG,54,90.9,0.768,4.8,93.3,0.306,34.9
ABS-UF,West_Marsh_Block_3_Sector_2,3/29/2017,SN,PBG,54,91.5,0.591,3.7,95.7,0.156,32.8
ABS-UF,West_Marsh_Block_3_Sector_2,3/29/2017,SN,PBG,54,91.8,0.854,5.34,92.4,0.121,27.9
ABS-UF,West_Marsh_Block_3_Sector_1,3/29/2017,SN,PBG,54,90.8,0.693,4.33,95,0.142,35.4
ABS-UF,West_Marsh_Block_3_Sector_2,3/29/2017,SN,PBG,54,91.3,0.645,4.03,95.8,0.085,29.7
ABS-UF,West_Marsh_Block_3_Sector_3,3/29/2017,SN,PBG,54,91.7,0.954,5.96,95.3,0.161,33.7
ABS-UF,West_Marsh_Block_3_Sector_1,3/29/2017,SN,PBG,54,90.8,0.902,5.64,94.5,0.15,32
ABS-UF,West_Marsh_Block_3_Sector_2,3/29/2017,SN,PBG,54,91.9,0.986,6.16,91,0.141,28.1
ABS-UF,West_Marsh_Block_3_Sector_2,3/29/2017,SN,PBG,54,91.4,0.677,4.23,95.2,0.157,32.8
ABS-UF,West_Marsh_Block_3_Sector_1,3/29/2017,SN,PBG,54,90.4,0.783,4.89,94.6,0.152,30.5
ABS-UF,West_Marsh_Block_3_Sector_1,5/31/2017,SN,PBG,117,92.6,1.073,6.7,93.6,0.175,29.8
ABS-UF,West_Marsh_Block_3_Sector_1,5/31/2017,SN,PBG,117,92.2,1.274,7.96,93.8,0.174,33
ABS-UF,West_Marsh_Block_3_Sector_2,5/31/2017,SN,PBG,117,92,0.867,5.42,95,0.13,30.8
ABS-UF,West_Marsh_Block_3_Sector_1,5/31/2017,SN,PBG,117,91.1,0.703,4.39,93.9,0.169,39.5
ABS-UF,West_Marsh_Block_3_Sector_3,5/31/2017,SN,PBG,117,91.7,1.13,7.06,94.4,0.168,43.9
ABS-UF,West_Marsh_Block_3_Sector_3,5/31/2017,SN,PBG,117,92.1,0.869,5.43,94.8,0.205,46.4
ABS-UF,West_Marsh_Block_3_Sector_1,5/31/2017,SN,PBG,117,91.1,1.34,8.38,94.1,0.121,34.6
ABS-UF,West_Marsh_Block_3_Sector_1,5/31/2017,SN,PBG,117,91.5,1.002,6.26,94.1,0.15,38.6
ABS-UF,West_Marsh_Block_3_Sector_3,5/31/2017,SN,PBG,117,91.6,1.435,8.97,93.7,0.141,44.1
ABS-UF,West_Marsh_Block_3_Sector_3,5/31/2017,SN,PBG,117,91.9,1.116,6.97,94.5,0.175,42.1
ABS-UF,West_Marsh_Block_3_Sector_2,5/31/2017,SN,PBG,117,91.5,1.038,6.49,94.5,0.149,44.6
ABS-UF,West_Marsh_Block_3_Sector_2,5/31/2017,SN,PBG,117,91.7,0.776,4.85,95.7,0.092,19.3
ABS-UF,West_Marsh_Block_3_Sector_2,5/31/2017,SN,PBG,117,91.3,0.856,5.35,95.3,0.119,35.6
ABS-UF,West_Marsh_Block_3_Sector_2,5/31/2017,SN,PBG,117,91.3,0.795,4.97,94.6,0.123,37.1
ABS-UF,West_Marsh_Block_3_Sector_2,5/31/2017,SN,PBG,117,91.4,0.571,3.57,96.1,0.552,38.8
ABS-UF,West_Marsh_Block_3_Sector_1,5/31/2017,SN,PBG,117,91.3,0.944,5.9,95.1,0.141,43
ABS-UF,West_Marsh_Block_3_Sector_3,5/31/2017,SN,PBG,117,93.1,1.244,7.78,84.4,0.172,28.6
ABS-UF,West_Marsh_Block_3_Sector_3,5/31/2017,SN,PBG,117,91,1.023,6.4,94.9,0.084,42.3
ABS-UF,West_Marsh_Block_3_Sector_2,11/28/2017,SN,PBG,298,91.3,0.689,4.31,94.4,0.122,31.6
ABS-UF,West_Marsh_Block_3_Sector_3,11/28/2017,SN,PBG,298,90.6,0.747,4.67,96,0.22,25.7
ABS-UF,West_Marsh_Block_3_Sector_1,11/28/2017,SN,PBG,298,89.3,0.654,4.09,94.6,0.275,30.3
ABS-UF,West_Marsh_Block_3_Sector_3,11/28/2017,SN,PBG,298,91.1,0.642,4.02,95.2,0.14,27.9
ABS-UF,West_Marsh_Block_3_Sector_3,11/28/2017,SN,PBG,298,91.3,0.774,4.84,95,0.122,30.8
ABS-UF,West_Marsh_Block_3_Sector_1,11/28/2017,SN,PBG,298,90.4,0.901,5.63,94.9,0.569,26.8
ABS-UF,West_Marsh_Block_3_Sector_3,11/28/2017,SN,PBG,298,90.4,0.657,4.1,95.7,0.162,29.6
ABS-UF,West_Marsh_Block_3_Sector_2,11/28/2017,SN,PBG,298,90.5,0.657,4.1,95.3,0.134,27.6
ABS-UF,West_Marsh_Block_3_Sector_3,11/28/2017,SN,PBG,298,90.8,0.648,4.05,95.7,0.113,28.5
ABS-UF,West_Marsh_Block_3_Sector_3,11/28/2017,SN,PBG,298,90.7,0.66,4.12,94.6,0.363,29.1
ABS-UF,West_Marsh_Block_3_Sector_2,11/28/2017,SN,PBG,298,90.9,0.603,3.77,95.5,0.085,26.7
ABS-UF,West_Marsh_Block_3_Sector_1,11/28/2017,SN,PBG,298,90.8,0.815,5.09,94.2,0.085,28.9
ABS-UF,West_Marsh_Block_3_Sector_1,11/28/2017,SN,PBG,298,91,0.607,3.8,94.4,0.114,27.8
ABS-UF,West_Marsh_Block_3_Sector_2,11/28/2017,SN,PBG,298,91,0.652,4.07,95.6,0.058,21.7
ABS-UF,West_Marsh_Block_3_Sector_1,11/28/2017,SN,PBG,298,90.9,0.569,3.56,93.7,0.077,30.7
ABS-UF,West_Marsh_Block_3_Sector_2,11/28/2017,SN,PBG,298,91.1,0.961,6.01,93.4,0.096,27.5
ABS-UF,West_Marsh_Block_3_Sector_2,11/28/2017,SN,PBG,298,89.6,0.837,5.23,95.3,0.078,24.9
ABS-UF,West_Marsh_Block_3_Sector_1,11/28/2017,SN,PBG,298,89.7,0.881,5.51,95,0.106,27.9
ABS-UF,Tropical_West_Block_2_Sector_2,1/18/2018,IMP,PBG,-4,89.6,0.902,5.64,94,0.07,25.8
ABS-UF,Tropical_West_Block_2_Sector_3,1/18/2018,IMP,PBG,-4,90.2,0.9,5.63,91.5,0.111,25.9
ABS-UF,Tropical_West_Block_2_Sector_1,1/18/2018,IMP,PBG,-4,90.3,0.811,5.07,94.5,0.07,22.8
ABS-UF,Tropical_West_Block_2_Sector_2,2/16/2018,IMP,PBG,25,89.8,0.856,5.35,93.2,0.059,28.5
ABS-UF,Tropical_West_Block_2_Sector_3,2/16/2018,IMP,PBG,25,89.7,1.01,6.31,93,0.06,31.6
ABS-UF,Tropical_West_Block_2_Sector_1,2/16/2018,IMP,PBG,25,91.1,1.775,11.1,91.5,0.212,58
ABS-UF,Tropical_West_Block_2_Sector_3,3/16/2018,IMP,PBG,53,94.6,1.059,6.62,93.2,0.102,38.4
ABS-UF,Tropical_West_Block_2_Sector_2,3/16/2018,IMP,PBG,53,95.9,0.915,5.72,92.3,0.09,35.9
ABS-UF,Tropical_West_Block_2_Sector_1,3/16/2018,IMP,PBG,53,95.4,1.407,8.79,90.9,0.14,50.5
ABS-UF,Tropical_West_Block_2_Sector_1,4/18/2018,IMP,PBG,86,93.1,1.731,10.82,89.2,0.214,55
ABS-UF,Tropical_West_Block_2_Sector_3,4/18/2018,IMP,PBG,86,93.3,1.682,10.51,91.3,0.133,53.1
ABS-UF,Tropical_West_Block_2_Sector_2,4/18/2018,IMP,PBG,86,93.4,1.207,7.55,91.6,0.154,41.8
ABS-UF,Tropical_West_Block_2_Sector_3,5/17/2018,IMP,PBG,115,93.4,0.782,4.89,94.3,0.083,24.8
ABS-UF,Tropical_West_Block_2_Sector_2,5/17/2018,IMP,PBG,115,95.2,1.234,7.71,93.6,0.139,36.7
ABS-UF,Tropical_West_Block_2_Sector_1,5/17/2018,IMP,PBG,115,94.9,1.007,6.29,95.2,0.091,30.9
ABS-UF,Tropical_West_Block_2_Sector_1,6/15/2018,IMP,PBG,144,93.7,0.963,6.02,91.8,0.11,27.1
ABS-UF,Tropical_West_Block_2_Sector_2,6/15/2018,IMP,PBG,144,92.9,0.714,4.47,95.1,0.092,40.5
ABS-UF,Tropical_West_Block_2_Sector_3,6/15/2018,IMP,PBG,144,93.2,1.024,6.4,93.1,0.071,26.4
ABS-UF,Tropical_West_Block_2_Sector_3,7/17/2018,IMP,PBG,176,90,1.039,6.49,94.2,0.073,48.8
ABS-UF,Tropical_West_Block_2_Sector_1,7/17/2018,IMP,PBG,176,90.1,1.099,6.87,93.6,0.099,51.4
ABS-UF,Tropical_West_Block_2_Sector_2,7/17/2018,IMP,PBG,176,89.7,0.842,5.26,93.6,0.109,50.8
ABS-UF,Tropical_West_Block_2_Sector_2,8/17/2018,IMP,PBG,207,88.3,0.774,4.84,94.2,0.059,35.4
ABS-UF,Tropical_West_Block_2_Sector_1,8/17/2018,IMP,PBG,207,88.3,0.987,6.17,94.2,0.058,46.1
ABS-UF,Tropical_West_Block_2_Sector_3,8/17/2018,IMP,PBG,207,87.9,0.788,4.92,94.1,0.058,39.5
ABS-UF,Tropical_West_Block_2_Sector_2,9/19/2018,IMP,PBG,240,90.7,0.761,4.76,94.6,0.05,31
ABS-UF,Tropical_West_Block_2_Sector_3,9/19/2018,IMP,PBG,240,90.6,0.815,5.1,94.1,0.06,32.6
ABS-UF,Tropical_West_Block_2_Sector_1,9/19/2018,IMP,PBG,240,90.2,1.056,6.6,93.3,0.071,37.1
ABS-UF,Tropical_West_Block_2_Sector_1,10/17/2018,IMP,PBG,268,91.5,0.934,5.83,93.9,0.059,28.1
ABS-UF,Tropical_West_Block_2_Sector_3,10/17/2018,IMP,PBG,268,93.4,0.962,6.01,92.1,0.068,36.5
ABS-UF,Tropical_West_Block_2_Sector_2,10/17/2018,IMP,PBG,268,92.2,0.882,5.51,93.6,0.049,30.5
ABS-UF,Tropical_West_Block_2_Sector_1,11/14/2018,IMP,PBG,296,91,0.927,5.79,92.4,0.117,33.1
ABS-UF,Tropical_West_Block_2_Sector_3,11/14/2018,IMP,PBG,296,88.7,0.92,5.75,92.3,0.084,36.6
ABS-UF,Tropical_West_Block_2_Sector_2,11/14/2018,IMP,PBG,296,88.7,1.127,7.04,94.5,0.071,36.2
ABS-UF,Tropical_West_Block_2_Sector_2,12/14/2018,IMP,PBG,326,90.2,0.774,4.84,94.3,0.046,29.7
ABS-UF,Tropical_West_Block_2_Sector_1,12/14/2018,IMP,PBG,326,94.4,0.857,5.36,93.5,0.077,31
ABS-UF,Tropical_West_Block_2_Sector_3,12/14/2018,IMP,PBG,326,92,0.923,5.77,92.1,0.091,29.4
ABS-UF,Tropical_West_Block_2_Sector_3,1/16/2019,IMP,PBG,-13,93.7,0.849,5.31,92,0.118,27.3
ABS-UF,Tropical_West_Block_2_Sector_1,1/16/2019,IMP,PBG,-13,92.3,0.926,5.79,92.4,0.122,28.1
ABS-UF,Tropical_West_Block_2_Sector_2,1/16/2019,IMP,PBG,-13,92.4,0.915,5.72,93.6,0.418,25.8
ABS-UF,Tropical_West_Block_2_Sector_1,2/15/2019,IMP,PBG,17,91.8,0.886,5.54,92.6,0.086,31.6
ABS-UF,Tropical_West_Block_2_Sector_3,2/15/2019,IMP,PBG,17,94.3,0.867,5.42,92.1,0.063,24.9
ABS-UF,Tropical_West_Block_2_Sector_2,3/15/2019,IMP,PBG,45,93.8,1.179,7.37,92.7,0.083,26.6
ABS-UF,Tropical_West_Block_2_Sector_3,3/15/2019,IMP,PBG,45,94,1.128,7.05,92.3,0.096,23.2
ABS-UF,Tropical_West_Block_2_Sector_1,3/15/2019,IMP,PBG,45,93.7,1.07,6.69,92.4,0.152,30
ABS-UF,Tropical_West_Block_2_Sector_1,4/17/2019,IMP,PBG,78,91.4,1.282,8.01,92.6,0.118,30.3
ABS-UF,Tropical_West_Block_2_Sector_2,4/20/2019,IMP,PBG,81,91.8,1.255,7.85,93.8,0.102,38.2
ABS-UF,Tropical_West_Block_2_Sector_3,4/23/2019,IMP,PBG,84,92,1.129,7.06,91.7,0.116,37.8
ABS-UF,Tropical_West_Block_2_Sector_1,6/14/2019,IMP,PBG,136,92.3,1.063,6.65,92.3,0.08,56.8
ABS-UF,Tropical_West_Block_2_Sector_2,6/14/2019,IMP,PBG,136,92.1,1.311,8.2,92.1,0.111,57.3
ABS-UF,Tropical_West_Block_2_Sector_3,6/14/2019,IMP,PBG,136,92.5,1.257,7.86,92.5,0.12,56.9
ABS-UF,Tropical_West_Block_2_Sector_1,8/15/2019,IMP,PBG,198,89.3,0.905,5.66,93.4,0.081,32.6
ABS-UF,Tropical_West_Block_2_Sector_2,8/15/2019,IMP,PBG,198,87.3,0.828,5.18,94.5,0.031,32.2
ABS-UF,Tropical_West_Block_2_Sector_3,8/15/2019,IMP,PBG,198,94.2,0.995,6.22,93.7,0.066,28.8
ABS-UF,Tropical_West_Block_2_Sector_1,9/13/2019,IMP,PBG,227,93.9,0.822,5.14,93.1,0.067,29.8
ABS-UF,Tropical_West_Block_2_Sector_2,9/13/2019,IMP,PBG,227,92.9,0.847,5.29,92.8,0.085,28.7
ABS-UF,Tropical_West_Block_2_Sector_3,9/13/2019,IMP,PBG,227,94.2,0.901,5.63,93.5,0.068,29
ABS-UF,Tropical_West_Block_2_Sector_1,10/15/2019,IMP,PBG,259,93.1,1.054,6.59,94.1,0.082,28.3
ABS-UF,Tropical_West_Block_2_Sector_2,10/15/2019,IMP,PBG,259,90.9,1.02,6.37,93.9,0.085,31
ABS-UF,Tropical_West_Block_2_Sector_3,10/15/2019,IMP,PBG,259,90.9,1.084,6.78,94.1,0.147,30
ABS-UF,Tropical_West_Block_2_Sector_3,3/1/2017,IMP,PBG,29,92.4,1.382,8.64,89,0.119,43.9
ABS-UF,Tropical_West_Block_2_Sector_3,3/30/2017,IMP,PBG,58,93.5,1.432,8.95,79.6,0.166,45.6
ABS-UF,Tropical_West_Block_2_Sector_3,3/30/2017,IMP,PBG,58,92.5,1.365,8.53,85.3,0.158,43.5
ABS-UF,Tropical_West_Block_2_Sector_3,3/30/2017,IMP,PBG,58,93.4,1.436,8.97,77,0.137,39.6
ABS-UF,Tropical_West_Block_2_Sector_3,3/30/2017,IMP,PBG,58,93.2,1.351,8.45,91.5,0.186,47.7
ABS-UF,Tropical_West_Block_2_Sector_3,3/30/2017,IMP,PBG,58,93.2,1.388,8.68,88.9,0.156,48.1
ABS-UF,Tropical_West_Block_2_Sector_1,3/30/2017,IMP,PBG,58,93.1,0.782,4.88,93.8,0.077,34.8
ABS-UF,Tropical_West_Block_2_Sector_1,3/30/2017,IMP,PBG,58,92.5,1.22,7.63,93.1,0.12,43
ABS-UF,Tropical_West_Block_2_Sector_1,3/30/2017,IMP,PBG,58,93,0.909,5.68,86.7,0.087,30.2
ABS-UF,Tropical_West_Block_2_Sector_1,3/30/2017,IMP,PBG,58,92.8,0.872,5.45,93,0.088,36.5
ABS-UF,Tropical_West_Block_2_Sector_1,3/30/2017,IMP,PBG,58,93.1,0.899,5.62,86.7,0.096,31.2
ABS-UF,Tropical_West_Block_2_Sector_2,3/30/2017,IMP,PBG,58,92,1.058,6.61,92.2,0.141,37.7
ABS-UF,Tropical_West_Block_2_Sector_2,3/30/2017,IMP,PBG,58,91.6,0.956,5.98,90.1,0.139,37.2
ABS-UF,Tropical_West_Block_2_Sector_1,3/30/2017,IMP,PBG,58,91.6,0.88,5.5,93,0.099,32.9
ABS-UF,Tropical_West_Block_2_Sector_2,3/30/2017,IMP,PBG,58,92.3,0.955,5.97,92.5,0.058,36
ABS-UF,Tropical_West_Block_2_Sector_2,3/30/2017,IMP,PBG,58,91.8,0.828,5.17,92,0.118,30
ABS-UF,Tropical_West_Block_2_Sector_2,3/30/2017,IMP,PBG,58,92.7,1.011,6.32,91.9,0.069,30.3
ABS-UF,Tropical_West_Block_2_Sector_2,3/30/2017,IMP,PBG,58,92.1,1.121,7,92.4,0.088,37.8
ABS-UF,Tropical_West_Block_2_Sector_2,5/30/2017,IMP,PBG,119,93.1,0.809,5.06,92.9,0.074,38.4
ABS-UF,Tropical_West_Block_2_Sector_1,5/30/2017,IMP,PBG,119,92.8,0.951,5.94,94.8,0.086,44
ABS-UF,Tropical_West_Block_2_Sector_1,5/30/2017,IMP,PBG,119,92.2,0.902,5.64,94.4,0.085,38.4
ABS-UF,Tropical_West_Block_2_Sector_1,5/30/2017,IMP,PBG,119,91.2,1.001,6.25,93.7,0.065,37.5
ABS-UF,Tropical_West_Block_2_Sector_2,5/30/2017,IMP,PBG,119,92.5,1.019,6.37,95,0.076,38.2
ABS-UF,Tropical_West_Block_2_Sector_1,5/30/2017,IMP,PBG,119,91.8,0.891,5.57,94.7,0.059,38.3
ABS-UF,Tropical_West_Block_2_Sector_2,5/30/2017,IMP,PBG,119,91.7,0.962,6.01,95.7,0.078,40
ABS-UF,Tropical_West_Block_2_Sector_3,5/30/2017,IMP,PBG,119,93.4,1.349,8.43,92.9,0.13,43.5
ABS-UF,Tropical_West_Block_2_Sector_3,5/30/2017,IMP,PBG,119,93.7,1.573,9.83,93.2,0.218,50.2
ABS-UF,Tropical_West_Block_2_Sector_3,5/30/2017,IMP,PBG,119,92.5,1.345,8.41,91.8,0.12,52.1
ABS-UF,Tropical_West_Block_2_Sector_2,5/30/2017,IMP,PBG,119,92.6,0.83,5.19,93.7,0.088,31.6
ABS-UF,Tropical_West_Block_2_Sector_1,5/30/2017,IMP,PBG,119,92.5,0.915,5.72,94.2,0.088,36.7
ABS-UF,Tropical_West_Block_2_Sector_2,5/30/2017,IMP,PBG,119,93.3,1.045,6.53,93.5,0.099,39.6
ABS-UF,Tropical_West_Block_2_Sector_3,5/30/2017,IMP,PBG,119,92.8,1.176,7.35,92.8,0.14,57.6
ABS-UF,Tropical_West_Block_2_Sector_3,5/30/2017,IMP,PBG,119,93,1.17,7.32,92.6,0.149,46.3
ABS-UF,Tropical_West_Block_2_Sector_3,5/30/2017,IMP,PBG,119,91.9,1.293,8.08,93.1,0.129,53.7
ABS-UF,Tropical_West_Block_2_Sector_1,5/30/2017,IMP,PBG,119,92,0.847,5.29,93.5,0.079,34.1
ABS-UF,Tropical_West_Block_2_Sector_2,5/30/2017,IMP,PBG,119,92.2,0.958,5.98,93.5,0.098,43.7
ABS-UF,Tropical_West_Block_2_Sector_3,8/31/2017,IMP,PBG,212,90.4,1.255,7.84,94.4,0.131,32.8
ABS-UF,Tropical_West_Block_2_Sector_2,8/31/2017,IMP,PBG,212,91.5,0.748,4.67,94.2,0.066,34.3
ABS-UF,Tropical_West_Block_2_Sector_3,8/31/2017,IMP,PBG,212,91.7,1.262,7.89,94.7,0.086,42.2
ABS-UF,Tropical_West_Block_2_Sector_3,8/31/2017,IMP,PBG,212,92.1,1.053,6.58,91.7,0.129,35.5
ABS-UF,Tropical_West_Block_2_Sector_2,8/31/2017,IMP,PBG,212,92.8,0.765,4.78,95.4,0.064,28.9
ABS-UF,Tropical_West_Block_2_Sector_1,8/31/2017,IMP,PBG,212,91.3,0.748,4.67,95,0.066,30.8
ABS-UF,Tropical_West_Block_2_Sector_2,8/31/2017,IMP,PBG,212,91.2,0.793,4.96,94,0.066,32.8
ABS-UF,Tropical_West_Block_2_Sector_1,8/31/2017,IMP,PBG,212,91.7,0.729,4.56,93.9,0.044,36.2
ABS-UF,Tropical_West_Block_2_Sector_2,8/31/2017,IMP,PBG,212,91.1,0.699,4.37,95.3,0.045,29
ABS-UF,Tropical_West_Block_2_Sector_2,8/31/2017,IMP,PBG,212,90,0.74,4.63,96.3,0.045,26.4
ABS-UF,Tropical_West_Block_2_Sector_1,8/31/2017,IMP,PBG,212,90.1,0.869,5.43,96.1,0.086,33.6
ABS-UF,Tropical_West_Block_2_Sector_3,8/31/2017,IMP,PBG,212,91.7,0.867,5.42,94.2,0.096,36.6
ABS-UF,Tropical_West_Block_2_Sector_2,8/31/2017,IMP,PBG,212,91.8,0.674,4.21,94.9,0.069,40.8
ABS-UF,Tropical_West_Block_2_Sector_1,8/31/2017,IMP,PBG,212,92.1,0.871,5.44,94.7,0.068,33.8
ABS-UF,Tropical_West_Block_2_Sector_3,8/31/2017,IMP,PBG,212,92.6,0.838,5.24,90.9,0.099,42.5
ABS-UF,Tropical_West_Block_2_Sector_3,8/31/2017,IMP,PBG,212,93.6,1.285,8.03,92.9,0.098,30.7
ABS-UF,Tropical_West_Block_2_Sector_3,10/23/2017,IMP,PBG,265,91.4,0.842,5.26,94.7,0.077,30.9
ABS-UF,Tropical_West_Block_2_Sector_3,10/23/2017,IMP,PBG,265,91.9,0.928,5.8,90.6,0.088,33.7
ABS-UF,Tropical_West_Block_2_Sector_2,10/23/2017,IMP,PBG,265,91.8,0.687,4.3,95.8,0.044,28.6
ABS-UF,Tropical_West_Block_2_Sector_3,10/23/2017,IMP,PBG,265,92.6,0.867,5.42,88,0.076,36.8
ABS-UF,Tropical_West_Block_2_Sector_1,10/23/2017,IMP,PBG,265,91.2,0.71,4.43,95.1,0.046,27.2
ABS-UF,Tropical_West_Block_2_Sector_1,10/23/2017,IMP,PBG,265,90.8,1.136,7.1,94.7,0.076,25.4
ABS-UF,Tropical_West_Block_2_Sector_3,10/23/2017,IMP,PBG,265,91,1.157,7.23,94,0.088,33.6
ABS-UF,Tropical_West_Block_2_Sector_2,10/23/2017,IMP,PBG,265,91.1,0.792,4.95,92.6,0.087,45.6
ABS-UF,Tropical_West_Block_2_Sector_1,10/23/2017,IMP,PBG,265,90.4,0.704,4.4,93.6,0.098,30
ABS-UF,Tropical_West_Block_2_Sector_2,10/23/2017,IMP,PBG,265,91.7,0.688,4.3,94.1,0.055,26.3
ABS-UF,Tropical_West_Block_2_Sector_3,10/23/2017,IMP,PBG,265,91.6,0.921,5.76,93.9,0.066,32.4
ABS-UF,Tropical_West_Block_2_Sector_1,10/23/2017,IMP,PBG,265,94.3,0.764,4.78,95.7,0.044,32.2
ABS-UF,Tropical_West_Block_2_Sector_2,10/23/2017,IMP,PBG,265,94.6,1.017,6.36,93.2,0.144,32.5
ABS-UF,Tropical_West_Block_2_Sector_3,10/23/2017,IMP,PBG,265,94.4,0.942,5.89,93.9,0.064,35
ABS-UF,Tropical_West_Block_2_Sector_2,10/23/2017,IMP,PBG,265,91.8,0.647,4.05,95,0.055,32.6
ABS-UF,Tropical_West_Block_2_Sector_1,10/23/2017,IMP,PBG,265,91.5,0.748,4.68,94.7,0.045,27.3
ABS-UF,Tropical_West_Block_2_Sector_1,10/23/2017,IMP,PBG,265,90.9,0.672,4.2,95.4,0.065,30.5
ABS-UF,Tropical_West_Block_2_Sector_2,10/23/2017,IMP,PBG,265,92.3,1.112,6.95,94.8,0.059,31.6
ABS-UF,Griffin_Park_Block_Sector_2,1/19/2018,IMP,PBG,-3,88.8,0.812,5.08,93.9,0.091,27.4
ABS-UF,Griffin_Park_Block_Sector_1,1/19/2018,IMP,PBG,-3,92.3,0.884,5.52,93.6,0.099,30.4
ABS-UF,Griffin_Park_Block_Sector_3,1/19/2018,IMP,PBG,-3,92.4,0.786,4.91,93.5,0.098,26.3
ABS-UF,Griffin_Park_Block_Sector_2,2/15/2018,IMP,PBG,24,92.7,0.788,4.92,93,0.096,32.2
ABS-UF,Griffin_Park_Block_Sector_1,2/15/2018,IMP,PBG,24,95,0.69,4.31,92.4,0.085,31.3
ABS-UF,Griffin_Park_Block_Sector_3,2/15/2018,IMP,PBG,24,94.4,1.568,9.8,88.7,0.242,56.3
ABS-UF,Griffin_Park_Block_Sector_1,3/15/2018,IMP,PBG,52,93.4,0.782,4.89,94.3,0.083,24.8
ABS-UF,Griffin_Park_Block_Sector_2,3/15/2018,IMP,PBG,52,93.6,0.843,5.27,93,0.1,29.4
ABS-UF,Griffin_Park_Block_Sector_3,3/15/2018,IMP,PBG,52,95.7,1.073,6.71,78.1,0.109,36.3
ABS-UF,Griffin_Park_Block_Sector_3,4/17/2018,IMP,PBG,85,94,1.49,9.31,90.9,0.199,55.1
ABS-UF,Griffin_Park_Block_Sector_2,4/17/2018,IMP,PBG,85,92.8,0.969,6.05,93.6,0.121,41.6
ABS-UF,Griffin_Park_Block_Sector_1,4/17/2018,IMP,PBG,85,93.5,1.532,9.58,91.3,0.297,49.8
ABS-UF,Griffin_Park_Block_Sector_1,5/15/2018,IMP,PBG,113,92.3,0.941,5.88,92.3,0.082,30.8
ABS-UF,Griffin_Park_Block_Sector_3,5/15/2018,IMP,PBG,113,93.7,1.054,6.59,90.4,0.151,22.1
ABS-UF,Griffin_Park_Block_Sector_2,5/15/2018,IMP,PBG,113,92.7,0.858,5.36,91.1,0.112,28.1
ABS-UF,Griffin_Park_Block_Sector_1,6/13/2018,IMP,PBG,142,93.3,1.682,10.51,91.3,0.133,53.1
ABS-UF,Griffin_Park_Block_Sector_2,6/13/2018,IMP,PBG,142,93.4,1.207,7.55,91.6,0.154,41.8
ABS-UF,Griffin_Park_Block_Sector_3,6/13/2018,IMP,PBG,142,92.3,1.041,6.5,93.6,0.113,33.5
ABS-UF,Griffin_Park_Block_Sector_3,7/17/2018,IMP,PBG,176,90.3,1.013,6.33,91.6,0.182,49.2
ABS-UF,Griffin_Park_Block_Sector_1,7/17/2018,IMP,PBG,176,90.5,0.889,5.56,93.3,0.099,46.7
ABS-UF,Griffin_Park_Block_Sector_2,7/17/2018,IMP,PBG,176,89.9,0.94,5.88,93.2,0.129,46.9
ABS-UF,Griffin_Park_Block_Sector_1,8/15/2018,IMP,PBG,205,89.9,0.852,5.33,93.3,0.13,41.5
ABS-UF,Griffin_Park_Block_Sector_3,8/15/2018,IMP,PBG,205,90.2,0.992,6.2,93.1,0.095,41.6
ABS-UF,Griffin_Park_Block_Sector_2,8/15/2018,IMP,PBG,205,90.2,0.691,4.32,92.4,0.095,40.1
ABS-UF,Griffin_Park_Block_Sector_1,9/17/2018,IMP,PBG,238,93.5,0.793,4.95,92.7,0.097,41.1
ABS-UF,Griffin_Park_Block_Sector_2,9/17/2018,IMP,PBG,238,93.3,0.613,3.83,93.3,0.087,33.9
ABS-UF,Griffin_Park_Block_Sector_3,9/17/2018,IMP,PBG,238,90.8,0.873,5.45,92.3,0.132,39.1
ABS-UF,Griffin_Park_Block_Sector_3,10/16/2018,IMP,PBG,267,91,0.958,5.99,92.8,0.121,36.7
ABS-UF,Griffin_Park_Block_Sector_1,10/16/2018,IMP,PBG,267,90.8,0.761,4.76,91.9,0.118,31.4
ABS-UF,Griffin_Park_Block_Sector_2,10/16/2018,IMP,PBG,267,92.3,0.791,4.95,93,0.087,29.8
ABS-UF,Griffin_Park_Block_Sector_2,11/13/2018,IMP,PBG,295,90.3,0.813,5.08,93.5,0.082,33.8
ABS-UF,Griffin_Park_Block_Sector_1,11/13/2018,IMP,PBG,295,89.5,0.823,5.14,92.4,0.144,40.2
ABS-UF,Griffin_Park_Block_Sector_3,11/13/2018,IMP,PBG,295,89.2,0.915,5.72,93.4,0.133,37.4
ABS-UF,Griffin_Park_Block_Sector_1,12/13/2018,IMP,PBG,325,92.1,0.756,4.73,93.3,0.068,34.1
ABS-UF,Griffin_Park_Block_Sector_2,12/13/2018,IMP,PBG,325,91.1,0.685,4.28,93.1,0.093,28.1
ABS-UF,Griffin_Park_Block_Sector_3,12/13/2018,IMP,PBG,325,89.4,0.784,4.9,92.2,0.117,33.1
ABS-UF,Griffin_Park_Block_Sector_2,1/14/2019,IMP,PBG,-15,90.3,0.736,4.6,92.6,0.237,24.1
ABS-UF,Griffin_Park_Block_Sector_3,1/14/2019,IMP,PBG,-15,91.2,0.934,5.84,93.1,0.207,27.6
ABS-UF,Griffin_Park_Block_Sector_1,1/14/2019,IMP,PBG,-15,90.2,0.843,5.27,93,0.145,25
ABS-UF,Griffin_Park_Block_Sector_3,2/14/2019,IMP,PBG,16,96.3,0.978,6.11,92.6,0.136,25.7
ABS-UF,Griffin_Park_Block_Sector_2,2/15/2019,IMP,PBG,17,92.3,1.583,9.9,92.3,0.136,42.6
ABS-UF,Griffin_Park_Block_Sector_1,2/14/2019,IMP,PBG,16,96,0.899,5.62,91.7,0.092,29.5
ABS-UF,Griffin_Park_Block_Sector_2,2/14/2019,IMP,PBG,16,92.7,2.268,14.17,90.7,0.298,58.7
ABS-UF,Griffin_Park_Block_Sector_3,3/14/2019,IMP,PBG,44,92.8,0.789,4.93,92.7,0.097,24.2
ABS-UF,Griffin_Park_Block_Sector_1,3/14/2019,IMP,PBG,44,90.8,0.801,5,92.7,0.098,23
ABS-UF,Griffin_Park_Block_Sector_2,3/14/2019,IMP,PBG,44,91.1,0.998,6.24,91.7,0.148,34.9
ABS-UF,Griffin_Park_Block_Sector_3,4/16/2019,IMP,PBG,77,90.7,0.894,5.59,92.2,0.085,29.2
ABS-UF,Griffin_Park_Block_Sector_1,4/16/2019,IMP,PBG,77,90.8,1.143,7.14,92.2,0.103,31.3
ABS-UF,Griffin_Park_Block_Sector_2,4/16/2019,IMP,PBG,77,92,1.793,11.21,91.9,0.17,42
ABS-UF,Griffin_Park_Block_Sector_1,5/14/2019,IMP,PBG,105,93.2,1.133,7.08,93.2,0.119,39.9
ABS-UF,Griffin_Park_Block_Sector_2,5/14/2019,IMP,PBG,105,93.3,1.578,9.86,93.3,0.119,49.6
ABS-UF,Griffin_Park_Block_Sector_3,5/14/2019,IMP,PBG,105,92.6,1.276,7.97,92.6,0.11,46.2
ABS-UF,Griffin_Park_Block_Sector_1,6/13/2019,IMP,PBG,135,92.2,1.925,12.03,92.2,0.169,53.2
ABS-UF,Griffin_Park_Block_Sector_2,6/13/2019,IMP,PBG,135,93.4,2.055,12.85,93.4,0.216,57
ABS-UF,Griffin_Park_Block_Sector_3,6/13/2019,IMP,PBG,135,92.5,1.439,8.99,92.5,0.168,47.2
ABS-UF,Griffin_Park_Block_Sector_1,8/15/2019,IMP,PBG,198,94,1.492,9.32,92,0.124,34.4
ABS-UF,Griffin_Park_Block_Sector_2,8/15/2019,IMP,PBG,198,90.2,1.305,8.16,90.3,0.138,45
ABS-UF,Griffin_Park_Block_Sector_3,8/15/2019,IMP,PBG,198,95.4,1.381,8.63,87.1,0.143,38.8
ABS-UF,Griffin_Park_Block_Sector_1,9/11/2019,IMP,PBG,225,93.8,1.082,6.76,94.2,0.129,31.1
ABS-UF,Griffin_Park_Block_Sector_2,9/11/2019,IMP,PBG,225,92.8,1.083,6.77,93,0.16,33.5
ABS-UF,Griffin_Park_Block_Sector_3,9/11/2019,IMP,PBG,225,93.1,0.985,6.16,91.4,0.115,33.4
ABS-UF,Griffin_Park_Block_Sector_1,10/14/2019,IMP,PBG,258,92.8,0.966,6.04,94.5,0.099,33.9
ABS-UF,Griffin_Park_Block_Sector_2,10/14/2019,IMP,PBG,258,92.9,1,6.25,93.9,0.145,35.7
ABS-UF,Griffin_Park_Block_Sector_3,10/14/2019,IMP,PBG,258,92.8,1.046,6.53,94.2,0.116,35.6
ABS-UF,Griffin_Park_Block_Sector_2,3/20/2017,IMP,PBG,45,91,1.113,6.96,92.6,0.124,42.9
ABS-UF,Griffin_Park_Block_Sector_3,3/28/2017,IMP,PBG,53,91.9,0.735,4.59,90.9,0.067,41.2
ABS-UF,Griffin_Park_Block_Sector_1,3/28/2017,IMP,PBG,53,92.5,1.93,12.06,89.5,0.207,56.5
ABS-UF,Griffin_Park_Block_Sector_2,3/28/2017,IMP,PBG,53,90.8,0.702,4.39,92,0.107,30.3
ABS-UF,Griffin_Park_Block_Sector_1,3/28/2017,IMP,PBG,53,91.4,1.349,8.43,90.3,0.117,49.6
ABS-UF,Griffin_Park_Block_Sector_3,3/28/2017,IMP,PBG,53,90.7,0.594,3.71,92.1,0.069,34
ABS-UF,Griffin_Park_Block_Sector_1,3/28/2017,IMP,PBG,53,91.3,1.365,8.53,91.1,0.155,57.6
ABS-UF,Griffin_Park_Block_Sector_1,3/28/2017,IMP,PBG,53,91.5,1.598,9.99,89,0.134,53.2
ABS-UF,Griffin_Park_Block_Sector_2,3/28/2017,IMP,PBG,53,91.3,0.619,3.87,90.8,0.073,32.9
ABS-UF,Griffin_Park_Block_Sector_2,3/28/2017,IMP,PBG,53,91.5,0.9,5.63,91.3,0.093,40.9
ABS-UF,Griffin_Park_Block_Sector_1,3/28/2017,IMP,PBG,53,91.5,0.459,2.87,90.6,0.044,44.1
ABS-UF,Griffin_Park_Block_Sector_2,3/28/2017,IMP,PBG,53,91.5,0.582,3.64,92.2,0.094,34.6
ABS-UF,Griffin_Park_Block_Sector_2,3/28/2017,IMP,PBG,53,91.2,0.71,4.44,93.3,0.094,27.8
ABS-UF,Griffin_Park_Block_Sector_1,3/28/2017,IMP,PBG,53,92.3,1.146,7.16,89,0.133,55.2
ABS-UF,Griffin_Park_Block_Sector_3,3/28/2017,IMP,PBG,53,91.8,0.744,4.65,91.2,0.084,45.4
ABS-UF,Griffin_Park_Block_Sector_3,3/28/2017,IMP,PBG,53,91.6,0.304,1.9,92.5,0.024,30.7
ABS-UF,Griffin_Park_Block_Sector_3,3/28/2017,IMP,PBG,53,91.7,0.383,2.4,93,0.034,33.5
ABS-UF,Griffin_Park_Block_Sector_3,3/28/2017,IMP,PBG,53,90.8,0.674,4.21,92.9,0.095,30.7
ABS-UF,Griffin_Park_Block_Sector_1,6/2/2017,IMP,PBG,119,92.8,1.344,8.4,93.2,0.234,48.3
ABS-UF,Griffin_Park_Block_Sector_2,6/2/2017,IMP,PBG,119,92.1,1.097,6.85,92.4,0.106,35.1
ABS-UF,Griffin_Park_Block_Sector_2,6/2/2017,IMP,PBG,119,92.1,0.87,5.44,90.7,0.128,40.4
ABS-UF,Griffin_Park_Block_Sector_3,6/2/2017,IMP,PBG,119,91.9,0.859,5.37,91.5,0.117,36.1
ABS-UF,Griffin_Park_Block_Sector_2,6/2/2017,IMP,PBG,119,91.4,0.826,5.17,92.9,0.078,29.9
ABS-UF,Griffin_Park_Block_Sector_3,6/2/2017,IMP,PBG,119,91.1,0.632,3.95,91.9,0.059,41.4
ABS-UF,Griffin_Park_Block_Sector_2,6/2/2017,IMP,PBG,119,91.6,0.873,5.46,91.5,0.098,42.4
ABS-UF,Griffin_Park_Block_Sector_1,6/2/2017,IMP,PBG,119,90.7,1.749,10.93,92.7,0.229,50.1
ABS-UF,Griffin_Park_Block_Sector_1,6/2/2017,IMP,PBG,119,90.9,1.947,12.17,92.3,0.208,64
ABS-UF,Griffin_Park_Block_Sector_1,6/2/2017,IMP,PBG,119,92.5,1.12,7,88.9,0.138,39.3
ABS-UF,Griffin_Park_Block_Sector_3,6/2/2017,IMP,PBG,119,92.2,0.818,5.11,93.1,0.116,33.9
ABS-UF,Griffin_Park_Block_Sector_3,6/2/2017,IMP,PBG,119,91.9,0.664,4.15,92.4,0.078,40.4
ABS-UF,Griffin_Park_Block_Sector_3,6/2/2017,IMP,PBG,119,91.6,1.109,6.93,92.9,0.137,50.1
ABS-UF,Griffin_Park_Block_Sector_2,6/2/2017,IMP,PBG,119,92.1,0.821,5.13,91.6,0.117,33.7
ABS-UF,Griffin_Park_Block_Sector_3,6/2/2017,IMP,PBG,119,91.8,1.288,8.05,92.4,0.2,39.9
ABS-UF,Griffin_Park_Block_Sector_2,6/2/2017,IMP,PBG,119,91.8,1.557,9.73,92.6,0.224,56.6
ABS-UF,Griffin_Park_Block_Sector_2,9/1/2017,IMP,PBG,210,91.3,0.739,4.62,93.7,0.129,25.9
ABS-UF,Griffin_Park_Block_Sector_1,9/1/2017,IMP,PBG,210,91,1.064,6.65,93.5,0.146,31.5
ABS-UF,Griffin_Park_Block_Sector_2,9/1/2017,IMP,PBG,210,91.4,0.707,4.42,94.3,0.108,36.8
ABS-UF,Griffin_Park_Block_Sector_3,9/1/2017,IMP,PBG,210,91.2,0.876,5.47,94.5,0.119,37.1
ABS-UF,Griffin_Park_Block_Sector_1,9/1/2017,IMP,PBG,210,91.8,0.829,5.18,93.9,0.098,37.1
ABS-UF,Griffin_Park_Block_Sector_1,9/1/2017,IMP,PBG,210,91.7,0.67,4.19,91.6,0.17,39.4
ABS-UF,Griffin_Park_Block_Sector_1,9/1/2017,IMP,PBG,210,92,0.913,5.71,94.1,0.088,34.2
ABS-UF,Griffin_Park_Block_Sector_2,9/1/2017,IMP,PBG,210,91.2,0.83,5.18,93.6,0.108,31.6
ABS-UF,Griffin_Park_Block_Sector_1,9/1/2017,IMP,PBG,210,91.4,1.326,8.29,94.1,0.188,32.1
ABS-UF,Griffin_Park_Block_Sector_2,9/1/2017,IMP,PBG,210,91.9,1.033,6.46,93.9,0.158,25.8
ABS-UF,Griffin_Park_Block_Sector_3,9/1/2017,IMP,PBG,210,91.8,1.022,6.39,94.6,0.166,39.4
ABS-UF,Griffin_Park_Block_Sector_2,9/1/2017,IMP,PBG,210,92,0.696,4.35,94.5,0.107,31.4
ABS-UF,Griffin_Park_Block_Sector_3,9/1/2017,IMP,PBG,210,92.2,0.914,5.71,95.1,0.118,42.7
ABS-UF,Griffin_Park_Block_Sector_2,9/1/2017,IMP,PBG,210,91.5,0.742,4.64,92.8,0.078,32
ABS-UF,Griffin_Park_Block_Sector_3,9/1/2017,IMP,PBG,210,91.2,0.839,5.24,94.4,0.14,34.5
ABS-UF,Griffin_Park_Block_Sector_1,9/1/2017,IMP,PBG,210,91.2,0.749,4.68,94.7,0.129,30
ABS-UF,Griffin_Park_Block_Sector_3,9/1/2017,IMP,PBG,210,90.8,0.861,5.38,93.4,0.087,35.5
ABS-UF,Griffin_Park_Block_Sector_3,9/1/2017,IMP,PBG,210,91.3,0.841,5.25,94.4,0.075,43.8
ABS-UF,Griffin_Park_Block_Sector_2,10/31/2017,IMP,PBG,270,91,0.701,4.38,94.5,0.106,24.6
ABS-UF,Griffin_Park_Block_Sector_2,10/31/2017,IMP,PBG,270,91.2,0.711,4.45,93.5,0.13,32
ABS-UF,Griffin_Park_Block_Sector_1,10/31/2017,IMP,PBG,270,91.2,0.689,4.31,93.3,0.123,40.2
ABS-UF,Griffin_Park_Block_Sector_2,10/31/2017,IMP,PBG,270,91,0.771,4.82,95.1,0.08,33
ABS-UF,Griffin_Park_Block_Sector_2,10/31/2017,IMP,PBG,270,91.7,0.625,3.9,93.2,0.088,29.8
ABS-UF,Griffin_Park_Block_Sector_1,10/31/2017,IMP,PBG,270,91.1,0.759,4.75,94.2,0.11,39.9
ABS-UF,Griffin_Park_Block_Sector_1,10/31/2017,IMP,PBG,270,92,0.74,4.62,93.7,0.119,31.7
ABS-UF,Griffin_Park_Block_Sector_3,10/31/2017,IMP,PBG,270,90.7,1.002,6.26,90.9,0.132,27.7
ABS-UF,Griffin_Park_Block_Sector_3,10/31/2017,IMP,PBG,270,91.6,1.157,7.23,94.2,0.131,32.3
ABS-UF,Griffin_Park_Block_Sector_1,10/31/2017,IMP,PBG,270,91,0.756,4.72,94.8,0.109,33.8
ABS-UF,Griffin_Park_Block_Sector_1,10/31/2017,IMP,PBG,270,91,0.675,4.22,92.6,0.09,36.7
ABS-UF,Griffin_Park_Block_Sector_3,10/31/2017,IMP,PBG,270,90.4,0.92,5.75,94.8,0.119,32.1
ABS-UF,Griffin_Park_Block_Sector_3,10/31/2017,IMP,PBG,270,90.8,0.877,5.48,92.8,0.119,27
ABS-UF,Griffin_Park_Block_Sector_1,10/31/2017,IMP,PBG,270,91,0.707,4.42,92.7,0.138,32.1
ABS-UF,Griffin_Park_Block_Sector_3,10/31/2017,IMP,PBG,270,90.7,0.837,5.23,95.3,0.119,28
ABS-UF,Griffin_Park_Block_Sector_2,10/31/2017,IMP,PBG,270,91.4,0.652,4.08,92.2,0.087,31.9
ABS-UF,Griffin_Park_Block_Sector_3,10/31/2017,IMP,PBG,270,90.2,0.714,4.46,94.4,0.109,29.8
ABS-UF,Griffin_Park_Block_Sector_2,10/31/2017,IMP,PBG,270,90.5,0.54,3.38,93.3,0.078,28.6
ABS-UF,Winter_6_Block,1/19/2018,SN,FB,-13,92.7,0.954,5.96,93.5,0.077,27.7
ABS-UF,Winter_6_Block,2/13/2018,SN,FB,12,92.4,0.961,6.01,93.7,0.108,23.1
ABS-UF,Winter_6_Block,3/14/2018,SN,FB,41,93.8,0.976,6.1,91.6,0.111,24.2
ABS-UF,Winter_6_Block,4/17/2018,SN,FB,75,93.7,1.416,8.85,90.6,0.15,42.4
ABS-UF,Winter_6_Block,5/14/2018,SN,FB,102,94.1,1.11,6.94,94.4,0.089,51.4
ABS-UF,Winter_6_Block,6/14/2018,SN,FB,133,94,0.673,4.21,95.5,0.092,27.6
ABS-UF,Winter_6_Block,7/17/2018,SN,FB,166,90.4,1.01,6.31,94.5,0.071,35.9
ABS-UF,Winter_6_Block,8/15/2018,SN,FB,195,88.6,1.136,7.1,93,0.125,41.8
ABS-UF,Winter_6_Block,9/18/2018,SN,FB,229,92.5,0.879,5.5,93.2,0.049,29.8
ABS-UF,Winter_6_Block,10/16/2018,SN,FB,257,91.3,0.992,6.2,91.8,0.08,24.9
ABS-UF,Winter_6_Block,11/13/2018,SN,FB,285,91.5,0.816,5.1,93,0.046,21.2
ABS-UF,Winter_6_Block,12/12/2018,SN,FB,314,90.4,1.016,6.35,92.2,0.092,30.9
ABS-UF,Winter_6_Block,1/14/2019,SN,FB,-34,92.8,0.88,5.5,92.5,0.112,18.1
ABS-UF,Winter_6_Block,2/15/2019,SN,FB,-2,95.1,0.955,5.97,91.8,0.063,16
ABS-UF,Winter_6_Block,3/13/2019,SN,FB,24,94.2,1.357,8.48,91.7,0.103,24.3
ABS-UF,Winter_6_Block,4/15/2019,SN,FB,57,90.8,2.067,12.92,91.2,0.156,40.2
ABS-UF,Winter_6_Block,5/14/2019,SN,FB,86,92.6,1.1,6.88,92.6,0.053,18.6
ABS-UF,Winter_6_Block,6/12/2019,SN,FB,115,92,1.847,11.54,92,0.15,53.8
ABS-UF,Winter_6_Block,8/15/2019,SN,FB,179,93.9,1.664,10.4,90.4,0.077,26.6
ABS-UF,Winter_6_Block,9/12/2019,SN,FB,207,93.1,1.197,7.48,93.2,0.114,30.7
ABS-UF,Winter_6_Block,10/16/2019,SN,FB,241,95,1.139,7.12,92.3,0.096,31
ABS-UF,Winter_6_Block,8/15/2017,SN,FB,188,91.6,1.301,8.13,90.3,0.128,42.3
ABS-UF,Winter_6_Block,8/15/2017,SN,FB,188,91.9,1.402,8.76,92.8,0.106,44.5
ABS-UF,Winter_6_Block,8/15/2017,SN,FB,188,93,1.576,9.85,90.5,0.116,37.4
ABS-UF,Winter_3_Block_Sector_2,1/19/2018,SN,PBG,-13,89.4,0.887,5.54,93.7,0.079,22.8
ABS-UF,Winter_3_Block_Sector_1,1/19/2018,SN,PBG,-13,89.5,0.865,5.41,92.4,0.134,27.3
ABS-UF,Winter_3_Block_Sector_3,1/19/2018,SN,PBG,-13,94,0.727,4.55,96.2,0.018,15.9
ABS-UF,Winter_3_Block_Sector_1,2/13/2018,SN,PBG,12,93.2,0.639,3.99,96.1,0.037,17.3
ABS-UF,Winter_3_Block_Sector_3,2/13/2018,SN,PBG,12,93.3,1.085,6.78,93.2,0.087,24.3
ABS-UF,Winter_3_Block_Sector_2,2/13/2018,SN,PBG,12,92.2,1.279,7.99,92.8,0.088,27.6
ABS-UF,Winter_3_Block_Sector_2,3/14/2018,SN,PBG,41,92.8,0.873,5.45,92.8,0.094,24.5
ABS-UF,Winter_3_Block_Sector_1,3/14/2018,SN,PBG,41,93.7,1.054,6.59,90.4,0.151,22.1
ABS-UF,Winter_3_Block_Sector_3,3/14/2018,SN,PBG,41,94.5,0.91,5.69,90.6,0.089,17.3
ABS-UF,Winter_3_Block_Sector_1,4/17/2018,SN,PBG,75,93.7,0.963,6.02,91.8,0.11,27.1
ABS-UF,Winter_3_Block_Sector_2,4/17/2018,SN,PBG,75,94.5,0.934,5.84,93.7,0.08,19.4
ABS-UF,Winter_3_Block_Sector_3,4/17/2018,SN,PBG,75,93.3,1.716,10.73,90.4,0.142,47.8
ABS-UF,Winter_3_Block_Sector_3,5/14/2018,SN,PBG,102,92.8,0.873,5.45,92.8,0.094,24.5
ABS-UF,Winter_3_Block_Sector_1,5/14/2018,SN,PBG,102,95,0.722,4.51,94.8,0.061,33.6
ABS-UF,Winter_3_Block_Sector_2,5/14/2018,SN,PBG,102,94.4,1.127,7.04,91.2,0.169,42.4
ABS-UF,Winter_3_Block_Sector_3,6/14/2018,SN,PBG,133,93.1,1.262,7.89,94.6,0.152,38.9
ABS-UF,Winter_3_Block_Sector_2,6/14/2018,SN,PBG,133,93.3,1.662,10.39,91.6,0.141,53.2
ABS-UF,Winter_3_Block_Sector_1,6/14/2018,SN,PBG,133,93.3,0.871,5.45,93.5,0.131,28.1
ABS-UF,Winter_3_Block_Sector_3,7/17/2018,SN,PBG,166,90.6,1.001,6.26,94,0.052,37.1
ABS-UF,Winter_3_Block_Sector_2,7/17/2018,SN,PBG,166,89.3,1.225,7.66,93.3,0.054,40.4
ABS-UF,Winter_3_Block_Sector_1,7/17/2018,SN,PBG,166,89.5,1.012,6.32,93.8,0.099,42.6
ABS-UF,Winter_3_Block_Sector_2,8/15/2018,SN,PBG,195,88.3,0.862,5.39,91.9,0.097,38.6
ABS-UF,Winter_3_Block_Sector_3,8/15/2018,SN,PBG,195,90.1,0.854,5.34,94.1,0.048,38.1
ABS-UF,Winter_3_Block_Sector_1,8/15/2018,SN,PBG,195,90.4,1.023,6.4,93.6,0.075,38.8
ABS-UF,Winter_3_Block_Sector_1,9/18/2018,SN,PBG,229,94,1.009,6.31,91.4,0.136,38.5
ABS-UF,Winter_3_Block_Sector_3,9/18/2018,SN,PBG,229,93.1,1.047,6.54,92.3,0.058,33.5
ABS-UF,Winter_3_Block_Sector_2,9/18/2018,SN,PBG,229,91.2,0.897,5.6,92.8,0.089,25
ABS-UF,Winter_3_Block_Sector_1,10/16/2018,SN,PBG,257,93,0.85,5.31,94.3,0.059,23.7
ABS-UF,Winter_3_Block_Sector_2,10/16/2018,SN,PBG,257,91.7,1.057,6.6,92.7,0.078,28.7
ABS-UF,Winter_3_Block_Sector_3,10/16/2018,SN,PBG,257,92.4,1.079,6.74,91.8,0.07,35
ABS-UF,Winter_3_Block_Sector_1,11/13/2018,SN,PBG,285,91.3,1.069,6.68,92.5,0.068,27
ABS-UF,Winter_3_Block_Sector_3,11/13/2018,SN,PBG,285,91,0.812,5.07,93.3,0.07,30.1
ABS-UF,Winter_3_Block_Sector_2,11/13/2018,SN,PBG,285,90.5,1.031,6.45,91,0.083,33.6
ABS-UF,Winter_3_Block_Sector_3,12/12/2018,SN,PBG,314,95.8,0.878,5.49,93.6,0.064,27.4
ABS-UF,Winter_3_Block_Sector_1,12/12/2018,SN,PBG,314,92.6,0.755,4.72,92.6,0.136,31.7
ABS-UF,Winter_3_Block_Sector_2,12/12/2018,SN,PBG,314,91.9,0.682,4.26,93.5,0.056,19.9
ABS-UF,Winter_3_Block_Sector_3,1/14/2019,SN,PBG,-34,91.6,0.695,4.35,92.1,0.155,16.7
ABS-UF,Winter_3_Block_Sector_1,1/14/2019,SN,PBG,-34,91.5,0.726,4.54,94.4,0.079,12.1
ABS-UF,Winter_3_Block_Sector_2,1/14/2019,SN,PBG,-34,91.1,0.893,5.58,92.6,0.135,22.4
ABS-UF,Winter_3_Block_Sector_3,2/15/2019,SN,PBG,-2,96.2,1.124,7.03,91.6,0.288,20.1
ABS-UF,Winter_3_Block_Sector_1,2/15/2019,SN,PBG,-2,95.6,0.975,6.09,92.9,0.166,16.2
ABS-UF,Winter_3_Block_Sector_2,2/15/2019,SN,PBG,-2,94,1.13,7.06,93.3,0.083,16.2
ABS-UF,Winter_3_Block_Sector_3,3/13/2019,SN,PBG,24,94.3,1.064,6.65,92.3,0.078,27.6
ABS-UF,Winter_3_Block_Sector_2,3/13/2019,SN,PBG,24,93.6,2.118,13.24,90.6,0.189,43.6
ABS-UF,Winter_3_Block_Sector_1,3/13/2019,SN,PBG,24,94.3,2.684,16.77,90.1,1.192,51.6
ABS-UF,Winter_3_Block_Sector_1,4/15/2019,SN,PBG,57,89.6,2.494,15.59,90.6,0.088,53.1
ABS-UF,Winter_3_Block_Sector_2,4/15/2019,SN,PBG,57,90.5,2.5,15.63,91.6,0.174,52.7
ABS-UF,Winter_3_Block_Sector_3,4/15/2019,SN,PBG,57,91,0.969,6.05,93.3,0.063,27.3
ABS-UF,Winter_3_Block_Sector_1,5/14/2019,SN,PBG,86,92.4,1.986,12.42,92.4,0.197,53.3
ABS-UF,Winter_3_Block_Sector_2,5/14/2019,SN,PBG,86,93.4,2.646,16.54,93.4,0.167,54.9
ABS-UF,Winter_3_Block_Sector_3,5/14/2019,SN,PBG,86,92.6,0.972,6.07,92.6,0.073,19.2
ABS-UF,Winter_3_Block_Sector_1,6/12/2019,SN,PBG,115,93.2,1.827,11.42,93.2,0.145,48.9
ABS-UF,Winter_3_Block_Sector_2,6/12/2019,SN,PBG,115,92.7,3.113,19.46,92.7,0.207,59.6
ABS-UF,Winter_3_Block_Sector_3,6/12/2019,SN,PBG,115,92.9,1.391,8.69,92.9,0.101,37.2
ABS-UF,Winter_3_Block_Sector_1,8/15/2019,SN,PBG,179,94.4,1.324,8.27,92.8,0.132,38.6
ABS-UF,Winter_3_Block_Sector_2,8/15/2019,SN,PBG,179,94.7,1.658,10.36,92.3,0.211,40
ABS-UF,Winter_3_Block_Sector_3,8/15/2019,SN,PBG,179,94,1.245,7.78,92.6,0.068,37
ABS-UF,Winter_3_Block_Sector_1,9/12/2019,SN,PBG,207,91.5,1.19,7.43,92.1,0.212,39.3
ABS-UF,Winter_3_Block_Sector_2,9/12/2019,SN,PBG,207,92.6,1.498,9.36,91.9,0.224,33.3
ABS-UF,Winter_3_Block_Sector_3,9/12/2019,SN,PBG,207,92,0.995,6.22,94.2,0.085,30.6
ABS-UF,Winter_3_Block_Sector_1,10/16/2019,SN,PBG,241,94.6,1.31,7.07,93.4,0.114,31.6
ABS-UF,Winter_3_Block_Sector_2,10/16/2019,SN,PBG,241,93.7,1.266,7.91,93.4,0.143,34.1
ABS-UF,Winter_3_Block_Sector_3,10/16/2019,SN,PBG,241,92.6,1.128,7.05,93.3,0.083,31.9
ABS-UF,Winter_3_Block_Sector_2,8/15/2017,SN,PBG,188,91.6,1.214,7.59,92.6,0.118,42.3
ABS-UF,Winter_3_Block_Sector_2,8/15/2017,SN,PBG,188,92.6,1.06,6.62,93.4,0.105,32.3
ABS-UF,Winter_3_Block_Sector_3,8/15/2017,SN,PBG,188,91.9,0.792,4.95,95.5,0.057,20.8
ABS-UF,Winter_3_Block_Sector_2,8/15/2017,SN,PBG,188,92,1.203,7.52,94.5,0.196,33.4
ABS-UF,Winter_3_Block_Sector_3,8/15/2017,SN,PBG,188,91.8,0.959,5.99,92.4,0.077,30.2
ABS-UF,Winter_3_Block_Sector_1,8/15/2017,SN,PBG,188,92.4,1.058,6.61,93.4,0.105,27
ABS-UF,Winter_3_Block_Sector_1,8/15/2017,SN,PBG,188,91.9,1.127,7.04,91.7,0.157,37.1
ABS-UF,Winter_3_Block_Sector_3,8/15/2017,SN,PBG,188,92,1.069,6.68,92.5,0.086,31.8
ABS-UF,Winter_3_Block_Sector_1,8/15/2017,SN,PBG,188,91.7,1.222,7.64,91.5,0.078,27.3
ABS-UF,East_Marsh_Block_2,1/19/2018,SN,FB,-13,88.7,1.138,7.11,94.2,0.081,27.7
ABS-UF,East_Marsh_Block_2,2/14/2018,SN,FB,13,91.8,1.074,6.71,92.8,0.098,36.7
ABS-UF,East_Marsh_Block_2,3/14/2018,SN,FB,41,93,1.155,7.22,93.1,0.073,31.8
ABS-UF,East_Marsh_Block_2,4/16/2018,SN,FB,74,93.3,1.03,6.44,92.2,0.102,34.1
ABS-UF,East_Marsh_Block_2,5/14/2018,SN,FB,102,92.3,1.855,11.59,89.7,0.22,62.3
ABS-UF,East_Marsh_Block_2,6/13/2018,SN,FB,132,93.7,1.416,8.85,90.6,0.15,42.4
ABS-UF,East_Marsh_Block_2,7/16/2018,SN,FB,165,89,1.139,7.12,94.8,0.083,42.9
ABS-UF,East_Marsh_Block_2,8/16/2018,SN,FB,196,88.7,0.955,5.97,94.8,0.049,38.3
ABS-UF,East_Marsh_Block_2,9/17/2018,SN,FB,228,91.3,0.907,5.67,94.1,0.05,31.1
ABS-UF,East_Marsh_Block_2,10/15/2018,SN,FB,256,91.3,1.03,6.43,93.8,0.05,29.2
ABS-UF,East_Marsh_Block_2,11/13/2018,SN,FB,285,90.4,0.86,5.37,94,0.07,29.6
ABS-UF,East_Marsh_Block_2,12/12/2018,SN,FB,314,95.6,0.884,5.52,94,0.089,29
ABS-UF,East_Marsh_Block_2,1/14/2019,SN,FB,-15,93.4,0.776,4.85,93.9,0.306,19.6
ABS-UF,East_Marsh_Block_2,2/14/2019,SN,FB,16,95.6,1.071,6.7,93.3,0.107,23.1
ABS-UF,East_Marsh_Block_2,3/13/2019,SN,FB,43,93.9,0.976,6.1,94.6,0.078,21.8
ABS-UF,East_Marsh_Block_2,4/15/2019,SN,FB,76,89.3,2.394,14.96,93.6,0.13,38.1
ABS-UF,East_Marsh_Block_2,5/14/2019,SN,FB,105,92.5,1.692,10.57,92.5,0.102,31.2
ABS-UF,East_Marsh_Block_2,6/12/2019,SN,FB,134,91.9,1.35,8.44,91.9,0.082,37.8
ABS-UF,East_Marsh_Block_2,8/15/2019,SN,FB,198,91.3,1.145,7.16,93.8,0.069,39.7
ABS-UF,East_Marsh_Block_2,9/25/2019,SN,FB,239,93.8,1.383,8.64,92.5,0.115,40.8
ABS-UF,East_Marsh_Block_2,10/14/2019,SN,FB,258,92.2,1.373,8.58,93.8,0.101,40.2
ABS-UF,East_Marsh_Block_2,4/24/2017,SN,FB,84,91.4,1.444,9.03,93,0.093,52.7
ABS-UF,East_Marsh_Block_2,4/24/2017,SN,FB,84,92.1,1.446,9.04,93,0.13,47.8
ABS-UF,East_Marsh_Block_2,4/24/2017,SN,FB,84,92,0.756,4.73,92,0.092,47.5
ABS-UF,East_Marsh_Block_2,4/24/2017,SN,FB,84,91.1,1.54,9.62,91.8,0.113,48.6
ABS-UF,East_Marsh_Block_2,4/24/2017,SN,FB,84,91.4,1.154,7.21,93.3,0.085,41.8
ABS-UF,East_Marsh_Block_2,4/24/2017,SN,FB,84,91,1.344,8.4,91.6,0.095,55.1
ABS-UF,East_Marsh_Block_2,7/26/2017,SN,FB,177,89.5,1.207,7.54,95.2,0.123,41.6
ABS-UF,East_Marsh_Block_2,7/26/2017,SN,FB,177,90,1.086,6.78,93.6,0.086,40.6
ABS-UF,East_Marsh_Block_2,7/26/2017,SN,FB,177,92,1.141,7.13,93,0.093,44.4
ABS-UF,East_Marsh_Block_2,7/26/2017,SN,FB,177,90.4,0.784,4.9,94.1,0.077,47
ABS-UF,East_Marsh_Block_2,7/26/2017,SN,FB,177,91.3,1.56,9.75,91,0.095,47
ABS-UF,East_Marsh_Block_2,7/26/2017,SN,FB,177,91.7,1.437,8.98,93.4,0.12,54
ABS-UF,Summer_3_Block,1/19/2018,IMP,FB,-4,88.8,1.089,6.8,93,0.112,31
ABS-UF,Summer_3_Block,2/14/2018,IMP,FB,22,91.2,1.098,6.86,93.2,0.178,38.6
ABS-UF,Summer_3_Block,3/14/2018,IMP,FB,50,95.1,1.092,6.83,92,0.2,48.6
ABS-UF,Summer_3_Block,4/16/2018,IMP,FB,83,93.3,1.053,6.58,86.9,0.188,42.7
ABS-UF,Summer_3_Block,5/15/2018,IMP,FB,112,94.5,0.91,5.69,90.6,0.089,17.3
ABS-UF,Summer_3_Block,6/13/2018,IMP,FB,141,93.3,1.053,6.58,86.9,0.188,42.7
ABS-UF,Summer_3_Block,7/16/2018,IMP,FB,174,89.2,1.289,8.05,93.4,0.175,49.3
ABS-UF,Summer_3_Block,8/16/2018,IMP,FB,205,88.7,1.032,6.45,94,0.105,48.5
ABS-UF,Summer_3_Block,9/17/2018,IMP,FB,237,93.9,0.866,5.41,93.3,0.115,38.9
ABS-UF,Summer_3_Block,10/15/2018,IMP,FB,265,91.7,1.011,6.32,92.7,0.097,37.4
ABS-UF,Summer_3_Block,11/13/2018,IMP,FB,294,90.7,0.816,5.1,92.6,0.07,35.4
ABS-UF,Summer_3_Block,12/12/2018,IMP,FB,323,94.8,0.744,4.65,92.6,0.114,32
ABS-UF,Summer_3_Block,1/14/2019,IMP,FB,-15,91.1,0.94,5.88,92,0.261,29.6
ABS-UF,Summer_3_Block,2/14/2019,IMP,FB,16,96.5,1.064,6.65,92,0.155,28.1
ABS-UF,Summer_3_Block,3/13/2019,IMP,FB,43,93.2,1.477,9.23,91.9,0.139,35.6
ABS-UF,Summer_3_Block,4/15/2019,IMP,FB,76,90.6,1.486,9.28,91.8,0.139,32.9
ABS-UF,Summer_3_Block,5/14/2019,IMP,FB,105,91.9,1.279,7.99,91.9,0.12,36.4
ABS-UF,Summer_3_Block,6/12/2019,IMP,FB,134,92.4,1.599,9.99,92.4,0.129,40.9
ABS-UF,Summer_3_Block,8/15/2019,IMP,FB,198,92.5,1.518,9.49,91.5,0.203,42.3
ABS-UF,Summer_3_Block,9/11/2019,IMP,FB,225,93.1,1.415,8.84,93.8,0.176,44.4
ABS-UF,Summer_3_Block,10/14/2019,IMP,FB,258,93.1,1.461,9.13,93.3,0.13,40.2
ABS-UF,Summer_3_Block,8/14/2017,IMP,FB,187,92.2,1.52,9.5,93.5,0.155,36.1
ABS-UF,Summer_3_Block,8/14/2017,IMP,FB,187,92.4,1.266,7.91,93.1,0.252,33.7
ABS-UF,East_Marsh_Block_1_Sector_1,1/19/2018,SN,PBG,-5,88.4,0.773,4.83,93.7,0.05,30.6
ABS-UF,East_Marsh_Block_1_Sector_3,1/19/2018,SN,PBG,-5,89.1,0.894,5.59,93.9,0.059,25.9
ABS-UF,East_Marsh_Block_1_Sector_2,1/19/2018,SN,PBG,-5,89.2,1.038,6.49,92.8,0.06,25.2
ABS-UF,East_Marsh_Block_1_Sector_3,2/14/2018,SN,PBG,21,92.6,0.877,5.48,93.2,0.058,29.1
ABS-UF,East_Marsh_Block_1_Sector_1,2/14/2018,SN,PBG,21,92.7,0.823,5.14,92.4,0.068,25.8
ABS-UF,East_Marsh_Block_1_Sector_2,2/14/2018,SN,PBG,21,92.4,1.656,10.35,90.4,0.176,58.5
ABS-UF,East_Marsh_Block_1_Sector_1,3/14/2018,SN,PBG,49,92.3,0.941,5.88,92.3,0.082,30.8
ABS-UF,East_Marsh_Block_1_Sector_3,3/14/2018,SN,PBG,49,92.7,0.858,5.36,91.1,0.112,28.1
ABS-UF,East_Marsh_Block_1_Sector_2,3/14/2018,SN,PBG,49,91.9,1.71,10.69,90.6,0.152,58.1
ABS-UF,East_Marsh_Block_1_Sector_3,4/16/2018,SN,PBG,82,93.7,0.899,5.62,91.5,0.051,27.4
ABS-UF,East_Marsh_Block_1_Sector_1,4/16/2018,SN,PBG,82,91.3,0.969,6.05,91.8,0.083,23.4
ABS-UF,East_Marsh_Block_1_Sector_2,4/16/2018,SN,PBG,82,93.3,1.662,10.39,91.6,0.141,53.2
ABS-UF,East_Marsh_Block_1_Sector_3,5/14/2018,SN,PBG,110,93.6,0.843,5.27,93,0.1,29.4
ABS-UF,East_Marsh_Block_1_Sector_2,5/14/2018,SN,PBG,110,94.9,1.008,6.3,91.5,0.121,38.3
ABS-UF,East_Marsh_Block_1_Sector_1,5/14/2018,SN,PBG,110,95,0.808,5.05,94.6,0.101,37.1
ABS-UF,East_Marsh_Block_1_Sector_2,6/13/2018,SN,PBG,140,93.1,1.731,10.82,89.2,0.214,55
ABS-UF,East_Marsh_Block_1_Sector_1,6/13/2018,SN,PBG,140,92.9,1.033,6.45,91,0.142,42.8
ABS-UF,East_Marsh_Block_1_Sector_3,6/13/2018,SN,PBG,140,92.7,0.996,6.22,93.6,0.112,43.4
ABS-UF,East_Marsh_Block_1_Sector_1,7/17/2018,SN,PBG,174,90.9,0.67,4.19,96.1,0.053,36.1
ABS-UF,East_Marsh_Block_1_Sector_1,7/16/2018,SN,PBG,173,89.1,0.971,6.07,94.4,0.062,40.7
ABS-UF,East_Marsh_Block_1_Sector_3,7/16/2018,SN,PBG,173,89.3,1.014,6.34,94.9,0.043,36.5
ABS-UF,East_Marsh_Block_1_Sector_2,7/16/2018,SN,PBG,173,88.9,1.024,6.4,93.7,0.058,45
ABS-UF,East_Marsh_Block_1_Sector_3,8/16/2018,SN,PBG,204,88.7,0.961,6,94.1,0.059,38.4
ABS-UF,East_Marsh_Block_1_Sector_1,8/16/2018,SN,PBG,204,89.4,0.872,5.45,94.4,0.058,32.9
ABS-UF,East_Marsh_Block_1_Sector_2,8/16/2018,SN,PBG,204,90.3,0.728,4.55,93.3,0.057,39.8
ABS-UF,East_Marsh_Block_1_Sector_3,9/18/2018,SN,PBG,237,91.9,0.723,4.52,93.6,0.06,32.9
ABS-UF,East_Marsh_Block_1_Sector_2,9/18/2018,SN,PBG,237,93.9,0.912,5.7,92.7,0.067,35.8
ABS-UF,East_Marsh_Block_1_Sector_1,9/18/2018,SN,PBG,237,94.1,0.787,4.92,93.2,0.058,27.8
ABS-UF,East_Marsh_Block_1_Sector_1,10/15/2018,SN,PBG,264,90.6,0.916,5.73,93.1,0.051,25.4
ABS-UF,East_Marsh_Block_1_Sector_3,10/15/2018,SN,PBG,264,92.5,0.798,4.99,93.7,0.039,29.6
ABS-UF,East_Marsh_Block_1_Sector_2,10/15/2018,SN,PBG,264,91,0.944,5.9,93.2,0.06,31.5
ABS-UF,East_Marsh_Block_1_Sector_2,11/13/2018,SN,PBG,293,90.5,0.777,4.86,92,0.082,44.4
ABS-UF,East_Marsh_Block_1_Sector_3,11/13/2018,SN,PBG,293,91.8,0.89,5.56,91.7,0.069,30.2
ABS-UF,East_Marsh_Block_1_Sector_1,11/13/2018,SN,PBG,293,90.6,0.797,4.98,93.4,0.068,31.7
ABS-UF,East_Marsh_Block_1_Sector_3,12/12/2018,SN,PBG,322,94.1,0.78,4.87,93.4,0.044,26.5
ABS-UF,East_Marsh_Block_1_Sector_2,12/12/2018,SN,PBG,322,95.3,0.878,5.49,93.5,0.053,30.4
ABS-UF,East_Marsh_Block_1_Sector_1,12/12/2018,SN,PBG,322,95.8,0.76,4.75,93,0.053,28.1
ABS-UF,East_Marsh_Block_1_Sector_1,1/14/2019,SN,PBG,-15,92.8,0.915,5.72,93.2,0.284,16.6
ABS-UF,East_Marsh_Block_1_Sector_3,1/14/2019,SN,PBG,-15,89.9,0.841,5.26,93.4,0.313,18.2
ABS-UF,East_Marsh_Block_1_Sector_2,1/14/2019,SN,PBG,-15,89.9,0.712,4.45,93.2,0.159,14.8
ABS-UF,East_Marsh_Block_1_Sector_1,2/14/2019,SN,PBG,16,96.8,2.122,13.27,90.6,0.225,43.9
ABS-UF,East_Marsh_Block_1_Sector_2,2/14/2019,SN,PBG,16,95.7,0.813,5.08,92.9,0.063,23.6
ABS-UF,East_Marsh_Block_1_Sector_3,2/14/2019,SN,PBG,16,94.3,0.78,4.88,93.3,0.064,21.4
ABS-UF,East_Marsh_Block_1_Sector_3,3/13/2019,SN,PBG,43,94,1.061,6.63,93.6,0.058,22.5
ABS-UF,East_Marsh_Block_1_Sector_2,3/13/2019,SN,PBG,43,94.2,1.064,6.65,92.5,0.071,23.2
ABS-UF,East_Marsh_Block_1_Sector_1,3/13/2019,SN,PBG,43,94.2,1.525,9.53,91.3,0.083,37.6
ABS-UF,East_Marsh_Block_1_Sector_3,4/15/2019,SN,PBG,76,90.1,0.96,6,91,0.067,17
ABS-UF,East_Marsh_Block_1_Sector_2,4/15/2019,SN,PBG,76,89.7,1.296,8.1,93,0.077,29.2
ABS-UF,East_Marsh_Block_1_Sector_1,4/15/2019,SN,PBG,76,90.1,1.534,9.59,92.1,0.083,36.6
ABS-UF,East_Marsh_Block_1_Sector_1,5/14/2019,SN,PBG,105,92.5,1.5,9.38,92.5,0.091,40.1
ABS-UF,East_Marsh_Block_1_Sector_2,5/14/2019,SN,PBG,105,91.9,1.185,7.41,91.9,0.072,34.6
ABS-UF,East_Marsh_Block_1_Sector_3,5/14/2019,SN,PBG,105,92.5,1.268,7.92,92.5,0.081,37.1
ABS-UF,East_Marsh_Block_1_Sector_1,6/12/2019,SN,PBG,134,92.6,1.87,11.69,92.6,0.12,46.9
ABS-UF,East_Marsh_Block_1_Sector_2,6/12/2019,SN,PBG,134,92.6,1.178,7.36,92.6,0.073,32.1
ABS-UF,East_Marsh_Block_1_Sector_3,6/12/2019,SN,PBG,134,92.2,1.319,8.24,92.2,0.063,32.7
ABS-UF,East_Marsh_Block_1_Sector_1,8/15/2019,SN,PBG,198,89.9,1.315,8.22,93.1,0.069,35.7
ABS-UF,East_Marsh_Block_1_Sector_2,8/15/2019,SN,PBG,198,92.5,1.533,9.58,92.8,0.079,39.3
ABS-UF,East_Marsh_Block_1_Sector_3,8/15/2019,SN,PBG,198,92.4,1.311,8.19,92.8,0.059,36.5
ABS-UF,East_Marsh_Block_1_Sector_1,9/11/2019,SN,PBG,225,93.7,1.089,6.8,94,0.114,41.6
ABS-UF,East_Marsh_Block_1_Sector_2,9/11/2019,SN,PBG,225,93.1,1.161,7.26,94.6,0.099,41.7
ABS-UF,East_Marsh_Block_1_Sector_3,9/11/2019,SN,PBG,225,92.2,1.18,7.37,94.1,0.085,29.9
ABS-UF,East_Marsh_Block_1_Sector_1,10/14/2019,SN,PBG,258,90.2,1.255,7.84,94,0.146,37.3
ABS-UF,East_Marsh_Block_1_Sector_2,10/14/2019,SN,PBG,258,94.5,1.058,6.61,94.1,0.083,34.1
ABS-UF,East_Marsh_Block_1_Sector_3,10/14/2019,SN,PBG,258,93,1.253,7.83,94.2,0.084,35.8
ABS-UF,East_Marsh_Block_1_Sector_1,3/28/2017,SN,PBG,57,93,0.772,4.83,91.3,0.133,26.1
ABS-UF,East_Marsh_Block_1_Sector_2,3/28/2017,SN,PBG,57,92.7,0.912,5.7,93.3,0.116,24.5
ABS-UF,East_Marsh_Block_1_Sector_2,3/28/2017,SN,PBG,57,92.8,0.566,3.54,93.1,0.077,29
ABS-UF,East_Marsh_Block_1_Sector_3,3/28/2017,SN,PBG,57,93,1.819,11.37,91.6,0.143,36.3
ABS-UF,East_Marsh_Block_1_Sector_1,3/28/2017,SN,PBG,57,92.5,1.124,7.03,92.4,0.087,24.6
ABS-UF,East_Marsh_Block_1_Sector_2,3/28/2017,SN,PBG,57,92.4,0.788,4.93,93.4,0.078,31.5
ABS-UF,East_Marsh_Block_1_Sector_2,3/28/2017,SN,PBG,57,92.6,1.065,6.66,93.1,0.077,22.4
ABS-UF,East_Marsh_Block_1_Sector_1,3/28/2017,SN,PBG,57,92.4,1.736,10.85,87.9,0.098,23
ABS-UF,East_Marsh_Block_1_Sector_1,3/28/2017,SN,PBG,57,92.9,1.072,6.7,91.5,0.077,25.1
ABS-UF,East_Marsh_Block_1_Sector_3,3/28/2017,SN,PBG,57,93.3,1.979,12.37,90,0.133,39.2
ABS-UF,East_Marsh_Block_1_Sector_1,3/28/2017,SN,PBG,57,92.2,0.895,5.59,91.5,0.086,30.1
ABS-UF,East_Marsh_Block_1_Sector_2,3/28/2017,SN,PBG,57,92,1.04,6.5,92.8,0.087,24.2
ABS-UF,East_Marsh_Block_1_Sector_2,3/28/2017,SN,PBG,57,92.1,1.043,6.52,92.4,0.087,28.1
ABS-UF,East_Marsh_Block_1_Sector_3,3/28/2017,SN,PBG,57,92.3,1.514,9.46,92.4,0.097,40.5
ABS-UF,East_Marsh_Block_1_Sector_1,3/28/2017,SN,PBG,57,92.5,1.494,9.34,88.7,0.086,18
ABS-UF,East_Marsh_Block_1_Sector_3,3/28/2017,SN,PBG,57,92.7,1.848,11.55,90.8,0.147,34.2
ABS-UF,East_Marsh_Block_1_Sector_1,6/1/2017,SN,PBG,122,93.2,0.894,5.59,90.9,0.123,30.1
ABS-UF,East_Marsh_Block_1_Sector_2,6/1/2017,SN,PBG,122,92.7,0.985,6.16,93,0.086,26.2
ABS-UF,East_Marsh_Block_1_Sector_2,6/1/2017,SN,PBG,122,92.2,0.923,5.77,92.7,0.088,25.1
ABS-UF,East_Marsh_Block_1_Sector_3,6/1/2017,SN,PBG,122,92.3,1.519,9.49,93.1,0.142,55.9
ABS-UF,East_Marsh_Block_1_Sector_1,6/1/2017,SN,PBG,122,92.4,1.242,7.76,91.8,0.077,23.5
ABS-UF,East_Marsh_Block_1_Sector_1,6/1/2017,SN,PBG,122,92.4,1.044,6.52,92.9,0.088,29.2
ABS-UF,East_Marsh_Block_1_Sector_3,6/1/2017,SN,PBG,122,92.5,1.263,7.89,94.3,0.098,52.4
ABS-UF,East_Marsh_Block_1_Sector_2,6/1/2017,SN,PBG,122,92.9,0.828,5.17,93.4,0.078,23.5
ABS-UF,East_Marsh_Block_1_Sector_1,6/1/2017,SN,PBG,122,92.1,1.275,7.97,92,0.096,23.1
ABS-UF,East_Marsh_Block_1_Sector_2,6/1/2017,SN,PBG,122,92.6,0.85,5.31,90,0.085,30.2
ABS-UF,East_Marsh_Block_1_Sector_3,6/1/2017,SN,PBG,122,93.6,1.381,8.63,92.5,0.113,41
ABS-UF,East_Marsh_Block_1_Sector_2,6/1/2017,SN,PBG,122,91.8,0.948,5.92,92.2,0.087,23.9
ABS-UF,East_Marsh_Block_1_Sector_3,6/1/2017,SN,PBG,122,92.5,1.596,9.97,92.9,0.132,48.5
ABS-UF,East_Marsh_Block_1_Sector_2,6/1/2017,SN,PBG,122,92.8,0.862,5.39,91.3,0.087,26.6
ABS-UF,East_Marsh_Block_1_Sector_3,6/1/2017,SN,PBG,122,93,1.539,9.62,91.3,0.144,46.2
ABS-UF,East_Marsh_Block_1_Sector_1,6/1/2017,SN,PBG,122,93.3,1.032,6.45,90.4,0.115,27
ABS-UF,East_Marsh_Block_1_Sector_3,6/1/2017,SN,PBG,122,92.8,1.92,12,91.8,0.141,51.7
ABS-UF,East_Marsh_Block_1_Sector_1,6/1/2017,SN,PBG,122,92.2,1.351,8.45,91.5,0.075,22.4
ABS-UF,Summer_6_Block_Sector_3,1/19/2018,IMP,PBG,-4,89.5,0.894,5.59,94.9,0.1,26.8
ABS-UF,Summer_6_Block_Sector_2,1/19/2018,IMP,PBG,-4,92.5,0.952,5.95,94.8,0.117,27.4
ABS-UF,Summer_6_Block_Sector_1,1/19/2018,IMP,PBG,-4,92.3,0.925,5.78,94.2,0.079,25.6
ABS-UF,Summer_6_Block_Sector_1,2/14/2018,IMP,PBG,22,91.7,1.924,12.03,90.6,0.197,53.4
ABS-UF,Summer_6_Block_Sector_2,2/14/2018,IMP,PBG,22,91.5,1.071,6.69,92.9,0.11,33.2
ABS-UF,Summer_6_Block_Sector_3,2/14/2018,IMP,PBG,22,91.5,0.976,6.1,94.4,0.12,32.4
ABS-UF,Summer_6_Block_Sector_1,3/14/2018,IMP,PBG,50,92.3,1.855,11.59,89.7,0.22,62.3
ABS-UF,Summer_6_Block_Sector_3,3/14/2018,IMP,PBG,50,95.2,1.234,7.71,93.6,0.139,36.7
ABS-UF,Summer_6_Block_Sector_2,3/14/2018,IMP,PBG,50,96.2,1.196,7.47,93.3,0.119,41
ABS-UF,Summer_6_Block_Sector_3,4/16/2018,IMP,PBG,83,93.7,0.664,4.15,94.9,0.071,28.2
ABS-UF,Summer_6_Block_Sector_1,4/16/2018,IMP,PBG,83,93.7,1.069,6.68,94.3,0.111,51.8
ABS-UF,Summer_6_Block_Sector_2,4/16/2018,IMP,PBG,83,93.2,1.076,6.72,91.1,0.172,27.1
ABS-UF,Summer_6_Block_Sector_3,5/15/2018,IMP,PBG,112,93.8,0.976,6.1,91.6,0.111,24.2
ABS-UF,Summer_6_Block_Sector_1,5/15/2018,IMP,PBG,112,93,1.155,7.22,93.1,0.073,31.8
ABS-UF,Summer_6_Block_Sector_2,5/15/2018,IMP,PBG,112,91.9,1.71,10.69,90.6,0.152,58.1
ABS-UF,Summer_6_Block_Sector_1,6/13/2018,IMP,PBG,141,93.3,1.03,6.44,92.2,0.102,34.1
ABS-UF,Summer_6_Block_Sector_3,6/13/2018,IMP,PBG,141,93.7,0.664,4.15,94.9,0.071,28.2
ABS-UF,Summer_6_Block_Sector_2,6/13/2018,IMP,PBG,141,93.4,0.871,5.45,93.3,0.112,29.9
ABS-UF,Summer_6_Block_Sector_1,7/16/2018,IMP,PBG,174,88.9,1.086,6.79,94.2,0.13,50.9
ABS-UF,Summer_6_Block_Sector_3,7/16/2018,IMP,PBG,174,88.9,1.024,6.4,95.8,0.081,44.8
ABS-UF,Summer_6_Block_Sector_2,7/16/2018,IMP,PBG,174,89.5,1.21,7.57,95.7,0.082,47.3
ABS-UF,Summer_6_Block_Sector_1,8/16/2018,IMP,PBG,205,89.4,0.679,4.24,94.2,0.077,43.2
ABS-UF,Summer_6_Block_Sector_2,8/16/2018,IMP,PBG,205,88.5,0.914,5.71,94.8,0.078,40.8
ABS-UF,Summer_6_Block_Sector_3,8/16/2018,IMP,PBG,205,89,0.797,4.98,94.7,0.078,38.1
ABS-UF,Summer_6_Block_Sector_3,9/18/2018,IMP,PBG,238,91.4,0.894,5.59,94.6,0.059,31.6
ABS-UF,Summer_6_Block_Sector_2,9/18/2018,IMP,PBG,238,91.2,0.688,4.3,94.9,0.071,32
ABS-UF,Summer_6_Block_Sector_1,9/18/2018,IMP,PBG,238,90.6,0.991,6.2,91.7,0.129,43.2
ABS-UF,Summer_6_Block_Sector_2,10/15/2018,IMP,PBG,265,92.7,0.797,4.98,94.2,0.059,25.9
ABS-UF,Summer_6_Block_Sector_1,10/15/2018,IMP,PBG,265,91.6,0.953,5.96,92.6,0.08,36.3
ABS-UF,Summer_6_Block_Sector_3,10/15/2018,IMP,PBG,265,91.4,0.806,5.04,94.5,0.059,30.7
ABS-UF,Summer_6_Block_Sector_3,11/13/2018,IMP,PBG,294,90.6,0.964,6.03,93.2,0.093,32.4
ABS-UF,Summer_6_Block_Sector_2,11/13/2018,IMP,PBG,294,90.4,0.691,4.32,94.8,0.07,31.8
ABS-UF,Summer_6_Block_Sector_1,11/13/2018,IMP,PBG,294,89.7,1.008,6.3,92.8,0.105,36.4
ABS-UF,Summer_6_Block_Sector_2,12/12/2018,IMP,PBG,323,92.5,0.898,5.61,94,0.044,24.5
ABS-UF,Summer_6_Block_Sector_3,12/12/2018,IMP,PBG,323,91.4,0.842,5.26,94.8,0.081,27.4
ABS-UF,Summer_6_Block_Sector_1,12/12/2018,IMP,PBG,323,95.1,0.859,5.37,93,0.099,32.5
ABS-UF,Summer_6_Block_Sector_2,1/14/2019,IMP,PBG,-15,91.1,0.846,5.29,94.2,0.262,14.7
ABS-UF,Summer_6_Block_Sector_1,1/14/2019,IMP,PBG,-15,90.5,1.046,6.54,89.4,0.273,23.7
ABS-UF,Summer_6_Block_Sector_3,1/14/2019,IMP,PBG,-15,90.9,0.832,5.2,94.4,0.101,16.9
ABS-UF,Summer_6_Block_Sector_3,2/14/2019,IMP,PBG,16,94.9,1.236,7.73,92.5,0.129,24.6
ABS-UF,Summer_6_Block_Sector_2,2/14/2019,IMP,PBG,16,94.7,1.278,7.99,92.1,0.574,33
ABS-UF,Summer_6_Block_Sector_1,2/14/2019,IMP,PBG,16,95.3,0.974,6.09,91.8,0.101,25.6
ABS-UF,Summer_6_Block_Sector_2,3/13/2019,IMP,PBG,43,93.5,1.64,10.25,92.5,0.097,31.1
ABS-UF,Summer_6_Block_Sector_1,3/13/2019,IMP,PBG,43,93.8,1.085,6.78,92.5,0.096,16.8
ABS-UF,Summer_6_Block_Sector_3,3/13/2019,IMP,PBG,43,94.6,0.841,5.26,94.5,0.071,16.5
ABS-UF,Summer_6_Block_Sector_1,4/15/2019,IMP,PBG,76,90,1.324,8.28,92,0.135,54.5
ABS-UF,Summer_6_Block_Sector_2,4/15/2019,IMP,PBG,76,90.2,1.59,9.94,93.1,0.124,39.1
ABS-UF,Summer_6_Block_Sector_3,4/15/2019,IMP,PBG,76,90.7,1.156,7.23,92.9,0.112,31.1
ABS-UF,Summer_6_Block_Sector_1,5/14/2019,IMP,PBG,105,93.3,1.614,10.09,93.3,0.128,46
ABS-UF,Summer_6_Block_Sector_2,5/14/2019,IMP,PBG,105,93.1,2.177,13.61,93.1,0.165,50.7
ABS-UF,Summer_6_Block_Sector_3,5/14/2019,IMP,PBG,105,92.5,1.834,11.46,92.5,0.166,47.4
ABS-UF,Summer_6_Block_Sector_1,6/12/2019,IMP,PBG,134,92.3,1.59,9.94,92.3,0.141,52.3
ABS-UF,Summer_6_Block_Sector_2,6/12/2019,IMP,PBG,134,92.8,1.194,7.47,92.8,0.127,41.3
ABS-UF,Summer_6_Block_Sector_3,6/12/2019,IMP,PBG,134,92.5,1.669,10.43,92.5,0.121,43.4
ABS-UF,Summer_6_Block_Sector_1,8/15/2019,IMP,PBG,198,92.1,1.268,7.93,92.7,0.128,38.8
ABS-UF,Summer_6_Block_Sector_2,8/15/2019,IMP,PBG,198,94.9,1.418,8.86,93.1,0.124,32.4
ABS-UF,Summer_6_Block_Sector_3,8/15/2019,IMP,PBG,198,94.7,1.169,7.31,93.7,0.168,35.2
ABS-UF,Summer_6_Block_Sector_1,9/11/2019,IMP,PBG,225,92.5,1.298,8.11,89.9,0.144,37.1
ABS-UF,Summer_6_Block_Sector_2,9/11/2019,IMP,PBG,225,92.8,1.193,7.46,93.9,0.129,33.5
ABS-UF,Summer_6_Block_Sector_3,9/11/2019,IMP,PBG,225,93.4,1.173,7.33,94.9,0.145,34.9
ABS-UF,Summer_6_Block_Sector_1,10/14/2019,IMP,PBG,258,91.7,1.479,9.24,93.1,0.132,34.7
ABS-UF,Summer_6_Block_Sector_2,10/14/2019,IMP,PBG,258,92.8,1.301,8.13,93.5,0.116,34.2
ABS-UF,Summer_6_Block_Sector_3,10/14/2019,IMP,PBG,258,92.1,1.047,6.54,95.1,0.116,30.7
ABS-UF,Summer_6_Block_Sector_3,8/14/2017,IMP,PBG,189,92.8,1.068,6.68,94.5,0.171,27.3
ABS-UF,Summer_6_Block_Sector_1,8/14/2017,IMP,PBG,189,91.9,0.918,5.74,92.3,0.136,32.4
ABS-UF,Summer_6_Block_Sector_1,8/14/2017,IMP,PBG,189,92.1,0.794,4.96,93.2,0.137,36.4
ABS-UF,Summer_6_Block_Sector_3,8/14/2017,IMP,PBG,189,92.3,1.004,6.28,92.9,0.175,34.7
ABS-UF,Summer_6_Block_Sector_2,8/14/2017,IMP,PBG,189,92.8,1.075,6.72,94.6,0.134,32.3
ABS-UF,Summer_6_Block_Sector_1,8/14/2017,IMP,PBG,189,92.6,0.946,5.92,95,0.087,37.2
ABS-UF,Summer_6_Block_Sector_2,8/14/2017,IMP,PBG,189,92.1,1.04,6.5,94.4,0.107,37.4
ABS-UF,Summer_6_Block_Sector_3,8/14/2017,IMP,PBG,189,93.2,0.941,5.88,93.7,0.209,34.9
