Site,Unit_ID,Pasture_Type,Treatment,Date,N2O_conc_mg_m-2_min-1,CO2_conc_mg_m-2_min-1
ABS-UF,Winter_3_Block,SN,ASP,9/30/2016,0.503,92909
ABS-UF,Winter_3_Block,SN,ASP,9/30/2016,15.059,84309
ABS-UF,Winter_3_Block,SN,ASP,9/30/2016,0.821,101802
ABS-UF,Winter_3_Block,SN,ASP,9/30/2016,3.984,90290
ABS-UF,Winter_3_Block,SN,ASP,9/30/2016,15.059,71695
ABS-UF,Winter_3_Block,SN,ASP,9/30/2016,-0.333,56085
ABS-UF,Winter_3_Block,SN,ASP,9/30/2016,-0.257,44443
ABS-UF,Winter_3_Block,SN,ASP,9/30/2016,0.549,46393
ABS-UF,Winter_3_Block,SN,ASP,9/30/2016,0.376,57767
ABS-UF,Winter_6_Block,SN,BAU,9/30/2016,-0.29,44794
ABS-UF,Winter_6_Block,SN,BAU,9/30/2016,0.276,46270
ABS-UF,Winter_6_Block,SN,BAU,9/30/2016,-0.921,68180
ABS-UF,East_Marsh_Block_2,SN,BAU,9/30/2016,-0.974,67243
ABS-UF,East_Marsh_Block_2,SN,BAU,9/30/2016,-0.716,87146
ABS-UF,East_Marsh_Block_2,SN,BAU,9/30/2016,NA,NA
ABS-UF,Summer_6_Block,IMP,ASP,9/30/2016,0.043,63881
ABS-UF,Summer_6_Block,IMP,ASP,9/30/2016,0.582,43401
ABS-UF,Summer_6_Block,IMP,ASP,9/30/2016,-0.125,20811
ABS-UF,Summer_6_Block,IMP,ASP,9/30/2016,1.095,85584
ABS-UF,Summer_6_Block,IMP,ASP,9/30/2016,0.441,62805
ABS-UF,Summer_6_Block,IMP,ASP,9/30/2016,3.733,55285
ABS-UF,Summer_6_Block,IMP,ASP,9/30/2016,1.387,27614
ABS-UF,Summer_6_Block,IMP,ASP,9/30/2016,0.068,47019
ABS-UF,Summer_6_Block,IMP,ASP,9/30/2016,0.828,31612
ABS-UF,Summer_3_Block,IMP,BAU,9/30/2016,-0.672,79134
ABS-UF,Summer_3_Block,IMP,BAU,9/30/2016,-1.287,68674
ABS-UF,Summer_3_Block,IMP,BAU,9/30/2016,-0.253,43493
ABS-UF,East_Marsh_Block_1,SN,ASP,9/30/2016,0.275,70806
ABS-UF,East_Marsh_Block_1,SN,ASP,9/30/2016,-0.731,94898
ABS-UF,East_Marsh_Block_1,SN,ASP,9/30/2016,-0.186,78027
ABS-UF,East_Marsh_Block_1,SN,ASP,9/30/2016,-0.805,69604
ABS-UF,East_Marsh_Block_1,SN,ASP,9/30/2016,-0.731,53360
ABS-UF,East_Marsh_Block_1,SN,ASP,9/30/2016,-0.478,54654
ABS-UF,East_Marsh_Block_1,SN,ASP,9/30/2016,-1.535,13275
ABS-UF,East_Marsh_Block_1,SN,ASP,9/30/2016,-1.129,44491
ABS-UF,East_Marsh_Block_1,SN,ASP,9/30/2016,1.383,48034
ABS-UF,Griffin_Park_Block,IMP,BAU,9/30/2016,-0.045,29214
ABS-UF,Griffin_Park_Block,IMP,BAU,9/30/2016,1.431,100584
ABS-UF,Griffin_Park_Block,IMP,BAU,9/30/2016,-0.531,43426
ABS-UF,Griffin_Park_Block,IMP,BAU,9/30/2016,-0.139,37816
ABS-UF,Griffin_Park_Block,IMP,BAU,9/30/2016,-0.382,NA
ABS-UF,Griffin_Park_Block,IMP,BAU,9/30/2016,-0.101,41450
ABS-UF,Griffin_Park_Block,IMP,BAU,9/30/2016,-1.04,24611
ABS-UF,Griffin_Park_Block,IMP,BAU,9/30/2016,-0.575,38210
ABS-UF,Griffin_Park_Block,IMP,BAU,9/30/2016,-0.239,36237
ABS-UF,Shop_Field_Block,IMP,BAU,9/30/2016,-0.505,59818
ABS-UF,Shop_Field_Block,IMP,BAU,9/30/2016,0.953,106316
ABS-UF,Shop_Field_Block,IMP,BAU,9/30/2016,0.981,78418
ABS-UF,West_Marsh_Block_2,SN,BAU,9/30/2016,0.37,16599
ABS-UF,West_Marsh_Block_2,SN,BAU,9/30/2016,-1.937,11556
ABS-UF,West_Marsh_Block_2,SN,BAU,9/30/2016,-0.538,11607
ABS-UF,West_Marsh_Block_3,SN,ASP,9/30/2016,4.821,108115
ABS-UF,West_Marsh_Block_3,SN,ASP,9/30/2016,-1.283,70806
ABS-UF,West_Marsh_Block_3,SN,ASP,9/30/2016,-0.693,165552
ABS-UF,West_Marsh_Block_3,SN,ASP,9/30/2016,-0.2,47626
ABS-UF,West_Marsh_Block_3,SN,ASP,9/30/2016,-0.15,22302
ABS-UF,West_Marsh_Block_3,SN,ASP,9/30/2016,1.633,58011
ABS-UF,West_Marsh_Block_3,SN,ASP,9/30/2016,0.246,55610
ABS-UF,West_Marsh_Block_3,SN,ASP,9/30/2016,-0.44,59504
ABS-UF,West_Marsh_Block_3,SN,ASP,9/30/2016,-0.197,52697
ABS-UF,West_Marsh_Block_4,SN,BAU,9/30/2016,1.56,97908
ABS-UF,West_Marsh_Block_4,SN,BAU,9/30/2016,-0.671,96134
ABS-UF,West_Marsh_Block_4,SN,BAU,9/30/2016,2.065,126469
ABS-UF,Tropical_West_Block_2,IMP,ASP,9/30/2016,1.15,46671
ABS-UF,Tropical_West_Block_2,IMP,ASP,9/30/2016,0.783,15572
ABS-UF,Tropical_West_Block_2,IMP,ASP,9/30/2016,-0.807,13652
ABS-UF,Tropical_West_Block_2,IMP,ASP,9/30/2016,-0.585,57631
ABS-UF,Tropical_West_Block_2,IMP,ASP,9/30/2016,-0.95,49641
ABS-UF,Tropical_West_Block_2,IMP,ASP,9/30/2016,-0.986,94591
ABS-UF,Tropical_West_Block_2,IMP,ASP,9/30/2016,-0.145,40517
ABS-UF,Tropical_West_Block_2,IMP,ASP,9/30/2016,NA,NA
ABS-UF,Tropical_West_Block_2,IMP,ASP,9/30/2016,NA,5954
ABS-UF,West_Marsh_Block_1,SN,ASP,9/30/2016,-0.16,16496
ABS-UF,West_Marsh_Block_1,SN,ASP,9/30/2016,4.251,29797
ABS-UF,West_Marsh_Block_1,SN,ASP,9/30/2016,1.254,29893
ABS-UF,West_Marsh_Block_1,SN,ASP,9/30/2016,0.375,8664
ABS-UF,West_Marsh_Block_1,SN,ASP,9/30/2016,0.131,322734
ABS-UF,West_Marsh_Block_1,SN,ASP,9/30/2016,0.545,17169
ABS-UF,West_Marsh_Block_1,SN,ASP,9/30/2016,-0.972,6662
ABS-UF,West_Marsh_Block_1,SN,ASP,9/30/2016,NA,NA
ABS-UF,West_Marsh_Block_1,SN,ASP,9/30/2016,-0.674,14942
ABS-UF,Tropical_East_Block_1,IMP,BAU,9/30/2016,1.123,47037
ABS-UF,Tropical_East_Block_1,IMP,BAU,9/30/2016,1.092,40963
ABS-UF,Tropical_East_Block_1,IMP,BAU,9/30/2016,0.296,44232
ABS-UF,Tropical_West_Block_1,IMP,BAU,9/30/2016,NA,NA
ABS-UF,Tropical_West_Block_1,IMP,BAU,9/30/2016,2.123,82580
ABS-UF,Tropical_West_Block_1,IMP,BAU,9/30/2016,-0.943,105692
ABS-UF,Tropical_East_Block_2,IMP,ASP,9/30/2016,0.381,39935
ABS-UF,Tropical_East_Block_2,IMP,ASP,9/30/2016,-0.564,34525
ABS-UF,Tropical_East_Block_2,IMP,ASP,9/30/2016,-0.161,41448
ABS-UF,Tropical_East_Block_2,IMP,ASP,9/30/2016,-1.076,51820
ABS-UF,Tropical_East_Block_2,IMP,ASP,9/30/2016,-0.232,69428
ABS-UF,Tropical_East_Block_2,IMP,ASP,9/30/2016,-0.453,50386
ABS-UF,Tropical_East_Block_2,IMP,ASP,9/30/2016,-0.025,63373
ABS-UF,Tropical_East_Block_2,IMP,ASP,9/30/2016,-0.376,46365
ABS-UF,Tropical_East_Block_2,IMP,ASP,9/30/2016,-0.015,22689
ABS-UF,Winter_3_Block,SN,ASP,11/4/2016,2.398,95231
ABS-UF,Winter_3_Block,SN,ASP,11/4/2016,-0.593,84679
ABS-UF,Winter_3_Block,SN,ASP,11/4/2016,11.106,198914
ABS-UF,Winter_3_Block,SN,ASP,11/4/2016,-1.989,91973
ABS-UF,Winter_3_Block,SN,ASP,11/4/2016,NA,82922
ABS-UF,Winter_3_Block,SN,ASP,11/4/2016,-0.717,68468
ABS-UF,Winter_3_Block,SN,ASP,11/4/2016,-0.208,48710
ABS-UF,Winter_3_Block,SN,ASP,11/4/2016,-0.849,48815
ABS-UF,Winter_3_Block,SN,ASP,11/4/2016,0.189,28941
ABS-UF,Winter_6_Block,SN,BAU,11/5/2016,NA,18659
ABS-UF,Winter_6_Block,SN,BAU,11/5/2016,0.834,76231
ABS-UF,Winter_6_Block,SN,BAU,11/5/2016,-0.329,67277
ABS-UF,East_Marsh_Block_2,SN,BAU,11/3/2016,2.019,63669
ABS-UF,East_Marsh_Block_2,SN,BAU,11/3/2016,1.128,85776
ABS-UF,East_Marsh_Block_2,SN,BAU,11/3/2016,-0.631,64262
ABS-UF,Summer_6_Block,IMP,ASP,11/2/2016,-0.695,110635
ABS-UF,Summer_6_Block,IMP,ASP,11/2/2016,-0.566,67557
ABS-UF,Summer_6_Block,IMP,ASP,11/2/2016,-0.779,69203
ABS-UF,Summer_6_Block,IMP,ASP,11/2/2016,3.869,89067
ABS-UF,Summer_6_Block,IMP,ASP,11/2/2016,NA,108308
ABS-UF,Summer_6_Block,IMP,ASP,11/2/2016,0.578,89172
ABS-UF,Summer_6_Block,IMP,ASP,11/2/2016,0.932,62151
ABS-UF,Summer_6_Block,IMP,ASP,11/2/2016,2.887,63183
ABS-UF,Summer_6_Block,IMP,ASP,11/2/2016,-0.053,59293
ABS-UF,Summer_3_Block,IMP,BAU,11/2/2016,-0.751,85321
ABS-UF,Summer_3_Block,IMP,BAU,11/2/2016,-1.567,78601
ABS-UF,Summer_3_Block,IMP,BAU,11/2/2016,-1.007,72159
ABS-UF,East_Marsh_Block_1,SN,ASP,11/3/2016,0.095,23659
ABS-UF,East_Marsh_Block_1,SN,ASP,11/3/2016,NA,55765
ABS-UF,East_Marsh_Block_1,SN,ASP,11/3/2016,0.026,62058
ABS-UF,East_Marsh_Block_1,SN,ASP,11/3/2016,-0.366,67757
ABS-UF,East_Marsh_Block_1,SN,ASP,11/3/2016,NA,NA
ABS-UF,East_Marsh_Block_1,SN,ASP,11/3/2016,NA,NA
ABS-UF,East_Marsh_Block_1,SN,ASP,11/3/2016,NA,NA
ABS-UF,East_Marsh_Block_1,SN,ASP,11/3/2016,NA,NA
ABS-UF,East_Marsh_Block_1,SN,ASP,11/3/2016,NA,NA
ABS-UF,Griffin_Park_Block,IMP,BAU,11/4/2016,0.119,NA
ABS-UF,Griffin_Park_Block,IMP,BAU,11/4/2016,0.324,NA
ABS-UF,Griffin_Park_Block,IMP,BAU,11/4/2016,1.75,NA
ABS-UF,Griffin_Park_Block,IMP,BAU,11/4/2016,0.712,NA
ABS-UF,Griffin_Park_Block,IMP,BAU,11/4/2016,0.071,NA
ABS-UF,Griffin_Park_Block,IMP,BAU,11/4/2016,1.383,NA
ABS-UF,Griffin_Park_Block,IMP,BAU,11/4/2016,-0.121,NA
ABS-UF,Griffin_Park_Block,IMP,BAU,11/4/2016,-0.054,NA
ABS-UF,Griffin_Park_Block,IMP,BAU,11/4/2016,-0.02,NA
ABS-UF,Shop_Field_Block,IMP,BAU,11/3/2016,0.162,NA
ABS-UF,Shop_Field_Block,IMP,BAU,11/3/2016,0.059,NA
ABS-UF,Shop_Field_Block,IMP,BAU,11/3/2016,-0.706,67845
ABS-UF,West_Marsh_Block_2,SN,BAU,11/2/2016,-1.204,37053
ABS-UF,West_Marsh_Block_2,SN,BAU,11/2/2016,NA,32031
ABS-UF,West_Marsh_Block_2,SN,BAU,11/2/2016,NA,37448
ABS-UF,West_Marsh_Block_3,SN,ASP,11/3/2016,-1.345,48392
ABS-UF,West_Marsh_Block_3,SN,ASP,11/3/2016,0.243,58521
ABS-UF,West_Marsh_Block_3,SN,ASP,11/3/2016,2.474,84291
ABS-UF,West_Marsh_Block_3,SN,ASP,11/3/2016,0.158,31933
ABS-UF,West_Marsh_Block_3,SN,ASP,11/3/2016,0.175,23739
ABS-UF,West_Marsh_Block_3,SN,ASP,11/3/2016,NA,NA
ABS-UF,West_Marsh_Block_3,SN,ASP,11/3/2016,2.782,30680
ABS-UF,West_Marsh_Block_3,SN,ASP,11/3/2016,1.336,61649
ABS-UF,West_Marsh_Block_3,SN,ASP,11/3/2016,-0.502,57528
ABS-UF,West_Marsh_Block_4,SN,BAU,11/3/2016,1.968,NA
ABS-UF,West_Marsh_Block_4,SN,BAU,11/3/2016,1.322,78333
ABS-UF,West_Marsh_Block_4,SN,BAU,11/3/2016,0.619,72740
ABS-UF,Tropical_West_Block_2,IMP,ASP,11/2/2016,0.944,52203
ABS-UF,Tropical_West_Block_2,IMP,ASP,11/2/2016,-0.792,96393
ABS-UF,Tropical_West_Block_2,IMP,ASP,11/2/2016,0.048,51470
ABS-UF,Tropical_West_Block_2,IMP,ASP,11/2/2016,-0.743,79643
ABS-UF,Tropical_West_Block_2,IMP,ASP,11/2/2016,0.354,77314
ABS-UF,Tropical_West_Block_2,IMP,ASP,11/2/2016,0.238,88978
ABS-UF,Tropical_West_Block_2,IMP,ASP,11/2/2016,0.786,69813
ABS-UF,Tropical_West_Block_2,IMP,ASP,11/2/2016,-0.25,NA
ABS-UF,Tropical_West_Block_2,IMP,ASP,11/2/2016,0.426,NA
ABS-UF,West_Marsh_Block_1,SN,ASP,11/2/2016,0.968,45451
ABS-UF,West_Marsh_Block_1,SN,ASP,11/2/2016,0.429,NA
ABS-UF,West_Marsh_Block_1,SN,ASP,11/2/2016,0.317,64998
ABS-UF,West_Marsh_Block_1,SN,ASP,11/2/2016,-0.357,42125
ABS-UF,West_Marsh_Block_1,SN,ASP,11/2/2016,-0.079,48978
ABS-UF,West_Marsh_Block_1,SN,ASP,11/2/2016,-0.707,56195
ABS-UF,West_Marsh_Block_1,SN,ASP,11/2/2016,0.164,48170
ABS-UF,West_Marsh_Block_1,SN,ASP,11/2/2016,0.748,NA
ABS-UF,West_Marsh_Block_1,SN,ASP,11/2/2016,0.428,62132
ABS-UF,Tropical_East_Block_1,IMP,BAU,11/2/2016,-0.711,90371
ABS-UF,Tropical_East_Block_1,IMP,BAU,11/2/2016,-0.545,92285
ABS-UF,Tropical_East_Block_1,IMP,BAU,11/2/2016,0.681,76047
ABS-UF,Tropical_West_Block_1,IMP,BAU,11/2/2016,-0.432,NA
ABS-UF,Tropical_West_Block_1,IMP,BAU,11/2/2016,-0.656,85698
ABS-UF,Tropical_West_Block_1,IMP,BAU,11/2/2016,1.216,72510
ABS-UF,Tropical_East_Block_2,IMP,ASP,11/2/2016,-0.476,88946
ABS-UF,Tropical_East_Block_2,IMP,ASP,11/2/2016,0.298,79444
ABS-UF,Tropical_East_Block_2,IMP,ASP,11/2/2016,-0.134,109950
ABS-UF,Tropical_East_Block_2,IMP,ASP,11/2/2016,-0.253,85300
ABS-UF,Tropical_East_Block_2,IMP,ASP,11/2/2016,-1.098,85609
ABS-UF,Tropical_East_Block_2,IMP,ASP,11/2/2016,-0.405,79680
ABS-UF,Tropical_East_Block_2,IMP,ASP,11/2/2016,0.457,91690
ABS-UF,Tropical_East_Block_2,IMP,ASP,11/2/2016,0.381,77604
ABS-UF,Tropical_East_Block_2,IMP,ASP,11/2/2016,0.527,85449
ABS-UF,Winter_3_Block,SN,ASP,12/4/2016,0.219,48655
ABS-UF,Winter_3_Block,SN,ASP,12/4/2016,1.575,31815
ABS-UF,Winter_3_Block,SN,ASP,12/4/2016,-1.28,48283
ABS-UF,Winter_3_Block,SN,ASP,12/4/2016,-1.969,49132
ABS-UF,Winter_3_Block,SN,ASP,12/4/2016,-1.33,47032
ABS-UF,Winter_3_Block,SN,ASP,12/4/2016,1.365,47624
ABS-UF,Winter_3_Block,SN,ASP,12/4/2016,-1.232,29423
ABS-UF,Winter_3_Block,SN,ASP,12/4/2016,-0.319,24919
ABS-UF,Winter_3_Block,SN,ASP,12/4/2016,-0.35,32518
ABS-UF,Winter_6_Block,SN,BAU,12/4/2016,0.16,40594
ABS-UF,Winter_6_Block,SN,BAU,12/4/2016,1.12,53412
ABS-UF,Winter_6_Block,SN,BAU,12/4/2016,-0.452,45944
ABS-UF,East_Marsh_Block_2,SN,BAU,12/4/2016,0.094,54777
ABS-UF,East_Marsh_Block_2,SN,BAU,12/4/2016,NA,51221
ABS-UF,East_Marsh_Block_2,SN,BAU,12/4/2016,2.841,38734
ABS-UF,Summer_6_Block,IMP,ASP,12/5/2016,-1.144,76832
ABS-UF,Summer_6_Block,IMP,ASP,12/5/2016,0.06,67629
ABS-UF,Summer_6_Block,IMP,ASP,12/5/2016,-0.093,77059
ABS-UF,Summer_6_Block,IMP,ASP,12/5/2016,0.244,64946
ABS-UF,Summer_6_Block,IMP,ASP,12/5/2016,5.487,79843
ABS-UF,Summer_6_Block,IMP,ASP,12/5/2016,NA,82884
ABS-UF,Summer_6_Block,IMP,ASP,12/5/2016,-0.621,45563
ABS-UF,Summer_6_Block,IMP,ASP,12/5/2016,1.743,71422
ABS-UF,Summer_6_Block,IMP,ASP,12/5/2016,0.815,65523
ABS-UF,Summer_3_Block,IMP,BAU,12/5/2016,0.553,74488
ABS-UF,Summer_3_Block,IMP,BAU,12/5/2016,1.106,45606
ABS-UF,Summer_3_Block,IMP,BAU,12/5/2016,1.832,81775
ABS-UF,East_Marsh_Block_1,SN,ASP,12/5/2016,0.795,15078
ABS-UF,East_Marsh_Block_1,SN,ASP,12/5/2016,0.629,53901
ABS-UF,East_Marsh_Block_1,SN,ASP,12/5/2016,0.311,52868
ABS-UF,East_Marsh_Block_1,SN,ASP,12/5/2016,0.223,76978
ABS-UF,East_Marsh_Block_1,SN,ASP,12/5/2016,-0.126,58421
ABS-UF,East_Marsh_Block_1,SN,ASP,12/5/2016,1.048,67915
ABS-UF,East_Marsh_Block_1,SN,ASP,12/5/2016,0.423,43229
ABS-UF,East_Marsh_Block_1,SN,ASP,12/5/2016,0.579,26339
ABS-UF,East_Marsh_Block_1,SN,ASP,12/5/2016,0.377,28953
ABS-UF,Griffin_Park_Block,IMP,BAU,12/5/2016,0.198,74940
ABS-UF,Griffin_Park_Block,IMP,BAU,12/5/2016,-0.627,60020
ABS-UF,Griffin_Park_Block,IMP,BAU,12/5/2016,0.033,45118
ABS-UF,Griffin_Park_Block,IMP,BAU,12/5/2016,-0.882,36143
ABS-UF,Griffin_Park_Block,IMP,BAU,12/5/2016,-0.531,12508
ABS-UF,Griffin_Park_Block,IMP,BAU,12/5/2016,-0.596,25755
ABS-UF,Griffin_Park_Block,IMP,BAU,12/5/2016,-0.767,66022
ABS-UF,Griffin_Park_Block,IMP,BAU,12/5/2016,-0.765,42661
ABS-UF,Griffin_Park_Block,IMP,BAU,12/5/2016,NA,NA
ABS-UF,Shop_Field_Block,IMP,BAU,12/5/2016,1.565,68668
ABS-UF,Shop_Field_Block,IMP,BAU,12/5/2016,2.184,86409
ABS-UF,Shop_Field_Block,IMP,BAU,12/5/2016,0.031,60179
ABS-UF,West_Marsh_Block_2,SN,BAU,12/2/2016,0.11,36451
ABS-UF,West_Marsh_Block_2,SN,BAU,12/2/2016,0.059,31528
ABS-UF,West_Marsh_Block_2,SN,BAU,12/2/2016,0.491,41505
ABS-UF,West_Marsh_Block_3,SN,ASP,12/6/2016,0.364,24148
ABS-UF,West_Marsh_Block_3,SN,ASP,12/6/2016,-0.502,31883
ABS-UF,West_Marsh_Block_3,SN,ASP,12/6/2016,-0.932,18723
ABS-UF,West_Marsh_Block_3,SN,ASP,12/6/2016,-0.446,8919
ABS-UF,West_Marsh_Block_3,SN,ASP,12/6/2016,0.814,25548
ABS-UF,West_Marsh_Block_3,SN,ASP,12/6/2016,0.372,27747
ABS-UF,West_Marsh_Block_3,SN,ASP,12/6/2016,1.249,31655
ABS-UF,West_Marsh_Block_3,SN,ASP,12/6/2016,0.231,38548
ABS-UF,West_Marsh_Block_3,SN,ASP,12/6/2016,0.629,35326
ABS-UF,West_Marsh_Block_4,SN,BAU,12/6/2016,1.968,38842
ABS-UF,West_Marsh_Block_4,SN,BAU,12/6/2016,0.773,24947
ABS-UF,West_Marsh_Block_4,SN,BAU,12/6/2016,0.222,22232
ABS-UF,Tropical_West_Block_2,IMP,ASP,12/6/2016,0.525,28234
ABS-UF,Tropical_West_Block_2,IMP,ASP,12/6/2016,0.427,62234
ABS-UF,Tropical_West_Block_2,IMP,ASP,12/6/2016,0.143,33168
ABS-UF,Tropical_West_Block_2,IMP,ASP,12/6/2016,-0.081,44354
ABS-UF,Tropical_West_Block_2,IMP,ASP,12/6/2016,4.372,10880
ABS-UF,Tropical_West_Block_2,IMP,ASP,12/6/2016,0.223,31350
ABS-UF,Tropical_West_Block_2,IMP,ASP,12/6/2016,0.599,38708
ABS-UF,Tropical_West_Block_2,IMP,ASP,12/6/2016,6.026,45481
ABS-UF,Tropical_West_Block_2,IMP,ASP,12/6/2016,NA,66960
ABS-UF,West_Marsh_Block_1,SN,ASP,12/2/2016,0.309,27071
ABS-UF,West_Marsh_Block_1,SN,ASP,12/2/2016,-0.23,35843
ABS-UF,West_Marsh_Block_1,SN,ASP,12/2/2016,-0.291,25619
ABS-UF,West_Marsh_Block_1,SN,ASP,12/2/2016,-1.098,29212
ABS-UF,West_Marsh_Block_1,SN,ASP,12/2/2016,1.526,34513
ABS-UF,West_Marsh_Block_1,SN,ASP,12/2/2016,-0.606,39322
ABS-UF,West_Marsh_Block_1,SN,ASP,12/2/2016,-0.011,24961
ABS-UF,West_Marsh_Block_1,SN,ASP,12/2/2016,0.789,29013
ABS-UF,West_Marsh_Block_1,SN,ASP,12/2/2016,NA,NA
ABS-UF,Tropical_East_Block_1,IMP,BAU,12/3/2016,1.139,62422
ABS-UF,Tropical_East_Block_1,IMP,BAU,12/3/2016,NA,NA
ABS-UF,Tropical_East_Block_1,IMP,BAU,12/3/2016,NA,46661
ABS-UF,Tropical_West_Block_1,IMP,BAU,12/6/2016,-0.713,22238
ABS-UF,Tropical_West_Block_1,IMP,BAU,12/6/2016,0.964,64417
ABS-UF,Tropical_West_Block_1,IMP,BAU,12/6/2016,0.478,30880
ABS-UF,Tropical_East_Block_2,IMP,ASP,12/3/2016,-0.643,54633
ABS-UF,Tropical_East_Block_2,IMP,ASP,12/3/2016,0.804,62612
ABS-UF,Tropical_East_Block_2,IMP,ASP,12/3/2016,1.115,NA
ABS-UF,Tropical_East_Block_2,IMP,ASP,12/3/2016,2.013,54492
ABS-UF,Tropical_East_Block_2,IMP,ASP,12/3/2016,-0.075,50087
ABS-UF,Tropical_East_Block_2,IMP,ASP,12/3/2016,0.758,39212
ABS-UF,Tropical_East_Block_2,IMP,ASP,12/3/2016,1.665,92732
ABS-UF,Tropical_East_Block_2,IMP,ASP,12/3/2016,-0.273,3669
ABS-UF,Tropical_East_Block_2,IMP,ASP,12/3/2016,NA,NA
ABS-UF,Tropical_West_Block_1,IMP,BAU,1/10/2017,-0.888,36858
ABS-UF,Tropical_West_Block_1,IMP,BAU,1/10/2017,-0.481,48673
ABS-UF,Tropical_West_Block_1,IMP,BAU,1/10/2017,-0.893,18851
ABS-UF,West_Marsh_Block_2,SN,BAU,1/10/2017,0.45,37698
ABS-UF,West_Marsh_Block_2,SN,BAU,1/10/2017,0.637,29743
ABS-UF,West_Marsh_Block_2,SN,BAU,1/10/2017,2.444,34782
ABS-UF,Tropical_East_Block_1,IMP,BAU,1/10/2017,-0.812,20278
ABS-UF,Tropical_East_Block_1,IMP,BAU,1/10/2017,-0.324,65839
ABS-UF,Tropical_East_Block_1,IMP,BAU,1/10/2017,0.375,37359
ABS-UF,West_Marsh_Block_1,SN,ASP,1/10/2017,0.741,11623
ABS-UF,West_Marsh_Block_1,SN,ASP,1/10/2017,-1.522,9832
ABS-UF,West_Marsh_Block_1,SN,ASP,1/10/2017,-0.106,11701
ABS-UF,West_Marsh_Block_1,SN,ASP,1/10/2017,-0.045,18848
ABS-UF,West_Marsh_Block_1,SN,ASP,1/10/2017,3.456,25548
ABS-UF,West_Marsh_Block_1,SN,ASP,1/10/2017,1.69,25997
ABS-UF,West_Marsh_Block_1,SN,ASP,1/10/2017,-0.303,25390
ABS-UF,West_Marsh_Block_1,SN,ASP,1/10/2017,-0.355,17294
ABS-UF,West_Marsh_Block_1,SN,ASP,1/10/2017,0.141,4587
ABS-UF,Tropical_East_Block_2,IMP,ASP,1/10/2017,0.563,37572
ABS-UF,Tropical_East_Block_2,IMP,ASP,1/10/2017,1.531,33397
ABS-UF,Tropical_East_Block_2,IMP,ASP,1/10/2017,0.747,24274
ABS-UF,Tropical_East_Block_2,IMP,ASP,1/10/2017,1.635,25315
ABS-UF,Tropical_East_Block_2,IMP,ASP,1/10/2017,0.18,22859
ABS-UF,Tropical_East_Block_2,IMP,ASP,1/10/2017,0.232,27721
ABS-UF,Tropical_East_Block_2,IMP,ASP,1/10/2017,0.418,41788
ABS-UF,Tropical_East_Block_2,IMP,ASP,1/10/2017,0.218,32060
ABS-UF,Tropical_East_Block_2,IMP,ASP,1/10/2017,1.463,31403
ABS-UF,Shop_Field_Block,IMP,BAU,1/9/2017,-0.613,38887
ABS-UF,Shop_Field_Block,IMP,BAU,1/9/2017,0.293,13136
ABS-UF,Shop_Field_Block,IMP,BAU,1/9/2017,0.342,21476
ABS-UF,West_Marsh_Block_4,SN,BAU,1/11/2017,-0.349,14803
ABS-UF,West_Marsh_Block_4,SN,BAU,1/11/2017,-0.104,25198
ABS-UF,West_Marsh_Block_4,SN,BAU,1/11/2017,0.445,19449
ABS-UF,West_Marsh_Block_3,SN,ASP,1/11/2017,-0.195,15507
ABS-UF,West_Marsh_Block_3,SN,ASP,1/11/2017,7.409,13729
ABS-UF,West_Marsh_Block_3,SN,ASP,1/11/2017,NA,NA
ABS-UF,West_Marsh_Block_3,SN,ASP,1/11/2017,NA,NA
ABS-UF,West_Marsh_Block_3,SN,ASP,1/11/2017,NA,NA
ABS-UF,West_Marsh_Block_3,SN,ASP,1/11/2017,NA,NA
ABS-UF,West_Marsh_Block_3,SN,ASP,1/11/2017,NA,NA
ABS-UF,West_Marsh_Block_3,SN,ASP,1/11/2017,NA,NA
ABS-UF,West_Marsh_Block_3,SN,ASP,1/11/2017,NA,NA
ABS-UF,Tropical_West_Block_2,IMP,ASP,1/10/2017,0.704,19499
ABS-UF,Tropical_West_Block_2,IMP,ASP,1/10/2017,0.227,67056
ABS-UF,Tropical_West_Block_2,IMP,ASP,1/10/2017,NA,NA
ABS-UF,Tropical_West_Block_2,IMP,ASP,1/10/2017,-0.749,42006
ABS-UF,Tropical_West_Block_2,IMP,ASP,1/10/2017,0.562,45229
ABS-UF,Tropical_West_Block_2,IMP,ASP,1/10/2017,-0.063,28369
ABS-UF,Tropical_West_Block_2,IMP,ASP,1/10/2017,0.232,41020
ABS-UF,Tropical_West_Block_2,IMP,ASP,1/10/2017,3.61,37094
ABS-UF,Tropical_West_Block_2,IMP,ASP,1/10/2017,0.195,42607
ABS-UF,Griffin_Park_Block,IMP,BAU,1/9/2017,0.35,76175
ABS-UF,Griffin_Park_Block,IMP,BAU,1/9/2017,-0.433,57194
ABS-UF,Griffin_Park_Block,IMP,BAU,1/9/2017,0.017,48000
ABS-UF,Griffin_Park_Block,IMP,BAU,1/9/2017,0.1,32550
ABS-UF,Griffin_Park_Block,IMP,BAU,1/9/2017,NA,33841
ABS-UF,Griffin_Park_Block,IMP,BAU,1/9/2017,0.198,11895
ABS-UF,Griffin_Park_Block,IMP,BAU,1/9/2017,-0.039,54829
ABS-UF,Griffin_Park_Block,IMP,BAU,1/9/2017,0.198,61172
ABS-UF,Griffin_Park_Block,IMP,BAU,1/9/2017,1.124,16955
ABS-UF,Winter_6_Block,SN,BAU,1/11/2017,0.249,77545
ABS-UF,Winter_6_Block,SN,BAU,1/11/2017,1.547,NA
ABS-UF,Winter_6_Block,SN,BAU,1/11/2017,0.098,49500
ABS-UF,Winter_3_Block,SN,ASP,1/9/2017,0.203,77807
ABS-UF,Winter_3_Block,SN,ASP,1/9/2017,0.928,79301
ABS-UF,Winter_3_Block,SN,ASP,1/9/2017,-1.359,93303
ABS-UF,Winter_3_Block,SN,ASP,1/9/2017,0.998,88920
ABS-UF,Winter_3_Block,SN,ASP,1/9/2017,1.136,80705
ABS-UF,Winter_3_Block,SN,ASP,1/9/2017,-0.181,76390
ABS-UF,Winter_3_Block,SN,ASP,1/9/2017,-0.812,54550
ABS-UF,Winter_3_Block,SN,ASP,1/9/2017,-0.267,39738
ABS-UF,Winter_3_Block,SN,ASP,1/9/2017,-0.096,43909
ABS-UF,East_Marsh_Block_2,SN,BAU,1/11/2017,-0.27,28341
ABS-UF,East_Marsh_Block_2,SN,BAU,1/11/2017,0.184,57217
ABS-UF,East_Marsh_Block_2,SN,BAU,1/11/2017,1.537,41986
ABS-UF,Summer_3_Block,IMP,BAU,1/11/2017,-0.239,68903
ABS-UF,Summer_3_Block,IMP,BAU,1/11/2017,NA,NA
ABS-UF,Summer_3_Block,IMP,BAU,1/11/2017,0.231,47648
ABS-UF,East_Marsh_Block_1,SN,ASP,1/11/2017,2.568,9342
ABS-UF,East_Marsh_Block_1,SN,ASP,1/11/2017,NA,61518
ABS-UF,East_Marsh_Block_1,SN,ASP,1/11/2017,0.326,55966
ABS-UF,East_Marsh_Block_1,SN,ASP,1/11/2017,-1.013,48020
ABS-UF,East_Marsh_Block_1,SN,ASP,1/11/2017,-0.084,43775
ABS-UF,East_Marsh_Block_1,SN,ASP,1/11/2017,1.086,30380
ABS-UF,East_Marsh_Block_1,SN,ASP,1/11/2017,0.366,14117
ABS-UF,East_Marsh_Block_1,SN,ASP,1/11/2017,1.114,43842
ABS-UF,East_Marsh_Block_1,SN,ASP,1/11/2017,0.392,46646
ABS-UF,Summer_6_Block,IMP,ASP,1/11/2017,0.251,75165
ABS-UF,Summer_6_Block,IMP,ASP,1/11/2017,0.59,56305
ABS-UF,Summer_6_Block,IMP,ASP,1/11/2017,6.204,26439
ABS-UF,Summer_6_Block,IMP,ASP,1/11/2017,-0.265,55056
ABS-UF,Summer_6_Block,IMP,ASP,1/11/2017,0.186,62817
ABS-UF,Summer_6_Block,IMP,ASP,1/11/2017,NA,59933
ABS-UF,Summer_6_Block,IMP,ASP,1/11/2017,NA,48130
ABS-UF,Summer_6_Block,IMP,ASP,1/11/2017,0.25,51626
ABS-UF,Summer_6_Block,IMP,ASP,1/11/2017,-0.709,48140
ABS-UF,Winter_3_Block,SN,ASP,2/19/2017,0.087,39930
ABS-UF,Winter_3_Block,SN,ASP,2/19/2017,0.971,47159
ABS-UF,Winter_3_Block,SN,ASP,2/19/2017,2.155,54755
ABS-UF,Winter_3_Block,SN,ASP,2/19/2017,-0.226,53220
ABS-UF,Winter_3_Block,SN,ASP,2/19/2017,-0.313,39216
ABS-UF,Winter_3_Block,SN,ASP,2/19/2017,0.092,51559
ABS-UF,Winter_3_Block,SN,ASP,2/19/2017,0.361,99817
ABS-UF,Winter_3_Block,SN,ASP,2/19/2017,-5.053,NA
ABS-UF,Winter_3_Block,SN,ASP,2/19/2017,-0.069,39136
ABS-UF,Winter_6_Block,SN,BAU,2/19/2017,1.248,71234
ABS-UF,Winter_6_Block,SN,BAU,2/19/2017,-0.077,71035
ABS-UF,Winter_6_Block,SN,BAU,2/19/2017,0.446,45347
ABS-UF,East_Marsh_Block_2,SN,BAU,2/21/2017,-0.2,76635
ABS-UF,East_Marsh_Block_2,SN,BAU,2/21/2017,0.76,72870
ABS-UF,East_Marsh_Block_2,SN,BAU,2/21/2017,-0.137,70191
ABS-UF,Summer_6_Block,IMP,ASP,2/21/2017,1.011,49481
ABS-UF,Summer_6_Block,IMP,ASP,2/21/2017,1.15,50972
ABS-UF,Summer_6_Block,IMP,ASP,2/21/2017,5.089,54741
ABS-UF,Summer_6_Block,IMP,ASP,2/21/2017,-0.252,58816
ABS-UF,Summer_6_Block,IMP,ASP,2/21/2017,-0.012,54425
ABS-UF,Summer_6_Block,IMP,ASP,2/21/2017,-0.194,69149
ABS-UF,Summer_6_Block,IMP,ASP,2/21/2017,0.496,53913
ABS-UF,Summer_6_Block,IMP,ASP,2/21/2017,0.497,56856
ABS-UF,Summer_6_Block,IMP,ASP,2/21/2017,0.47,47143
ABS-UF,Summer_3_Block,IMP,BAU,2/21/2017,1.121,59177
ABS-UF,Summer_3_Block,IMP,BAU,2/21/2017,1.848,27971
ABS-UF,Summer_3_Block,IMP,BAU,2/21/2017,0.547,42517
ABS-UF,East_Marsh_Block_1,SN,ASP,2/21/2017,-0.258,40690
ABS-UF,East_Marsh_Block_1,SN,ASP,2/21/2017,-0.146,50776
ABS-UF,East_Marsh_Block_1,SN,ASP,2/21/2017,0.229,63241
ABS-UF,East_Marsh_Block_1,SN,ASP,2/21/2017,-1.175,60062
ABS-UF,East_Marsh_Block_1,SN,ASP,2/21/2017,1.138,52409
ABS-UF,East_Marsh_Block_1,SN,ASP,2/21/2017,0.81,47464
ABS-UF,East_Marsh_Block_1,SN,ASP,2/21/2017,7.545,35539
ABS-UF,East_Marsh_Block_1,SN,ASP,2/21/2017,0.037,18915
ABS-UF,East_Marsh_Block_1,SN,ASP,2/21/2017,-0.057,29203
ABS-UF,Griffin_Park_Block,IMP,BAU,2/19/2017,2.179,25864
ABS-UF,Griffin_Park_Block,IMP,BAU,2/19/2017,1.196,34229
ABS-UF,Griffin_Park_Block,IMP,BAU,2/19/2017,-0.891,50743
ABS-UF,Griffin_Park_Block,IMP,BAU,2/19/2017,0.976,38235
ABS-UF,Griffin_Park_Block,IMP,BAU,2/19/2017,7.808,32389
ABS-UF,Griffin_Park_Block,IMP,BAU,2/19/2017,1.315,29507
ABS-UF,Griffin_Park_Block,IMP,BAU,2/19/2017,0.511,34980
ABS-UF,Griffin_Park_Block,IMP,BAU,2/19/2017,0.734,39584
ABS-UF,Griffin_Park_Block,IMP,BAU,2/19/2017,0.653,36994
ABS-UF,Shop_Field_Block,IMP,BAU,2/19/2017,0.052,34118
ABS-UF,Shop_Field_Block,IMP,BAU,2/19/2017,0.258,32517
ABS-UF,Shop_Field_Block,IMP,BAU,2/19/2017,-0.384,27239
ABS-UF,West_Marsh_Block_2,SN,BAU,2/20/2017,0.18,29366
ABS-UF,West_Marsh_Block_2,SN,BAU,2/20/2017,0.474,40538
ABS-UF,West_Marsh_Block_2,SN,BAU,2/20/2017,-0.541,43683
ABS-UF,West_Marsh_Block_3,SN,ASP,2/21/2017,0,4462
ABS-UF,West_Marsh_Block_3,SN,ASP,2/21/2017,-0.822,15850
ABS-UF,West_Marsh_Block_3,SN,ASP,2/21/2017,NA,NA
ABS-UF,West_Marsh_Block_3,SN,ASP,2/21/2017,-1.418,39333
ABS-UF,West_Marsh_Block_3,SN,ASP,2/21/2017,0.606,35952
ABS-UF,West_Marsh_Block_3,SN,ASP,2/21/2017,NA,NA
ABS-UF,West_Marsh_Block_3,SN,ASP,2/21/2017,5.177,NA
ABS-UF,West_Marsh_Block_3,SN,ASP,2/21/2017,3.137,20372
ABS-UF,West_Marsh_Block_3,SN,ASP,2/21/2017,3.805,9063
ABS-UF,West_Marsh_Block_4,SN,BAU,2/21/2017,-2.424,79405
ABS-UF,West_Marsh_Block_4,SN,BAU,2/21/2017,1.966,11989
ABS-UF,West_Marsh_Block_4,SN,BAU,2/21/2017,0.282,9727
ABS-UF,Tropical_West_Block_2,IMP,ASP,2/20/2017,0.357,5778
ABS-UF,Tropical_West_Block_2,IMP,ASP,2/20/2017,0.388,27916
ABS-UF,Tropical_West_Block_2,IMP,ASP,2/20/2017,0.031,18153
ABS-UF,Tropical_West_Block_2,IMP,ASP,2/20/2017,4.63,23870
ABS-UF,Tropical_West_Block_2,IMP,ASP,2/20/2017,-0.56,41379
ABS-UF,Tropical_West_Block_2,IMP,ASP,2/20/2017,9.358,39934
ABS-UF,Tropical_West_Block_2,IMP,ASP,2/20/2017,-1.574,33279
ABS-UF,Tropical_West_Block_2,IMP,ASP,2/20/2017,0.288,39200
ABS-UF,Tropical_West_Block_2,IMP,ASP,2/20/2017,1.534,13555
ABS-UF,West_Marsh_Block_1,SN,ASP,2/20/2017,0.279,13152
ABS-UF,West_Marsh_Block_1,SN,ASP,2/20/2017,0.304,13306
ABS-UF,West_Marsh_Block_1,SN,ASP,2/20/2017,2,7006
ABS-UF,West_Marsh_Block_1,SN,ASP,2/20/2017,0.275,37355
ABS-UF,West_Marsh_Block_1,SN,ASP,2/20/2017,0.35,34358
ABS-UF,West_Marsh_Block_1,SN,ASP,2/20/2017,0.045,28510
ABS-UF,West_Marsh_Block_1,SN,ASP,2/20/2017,-0.076,26043
ABS-UF,West_Marsh_Block_1,SN,ASP,2/20/2017,0.102,19545
ABS-UF,West_Marsh_Block_1,SN,ASP,2/20/2017,-0.044,21286
ABS-UF,Tropical_East_Block_1,IMP,BAU,2/20/2017,0.361,35455
ABS-UF,Tropical_East_Block_1,IMP,BAU,2/20/2017,0.582,39037
ABS-UF,Tropical_East_Block_1,IMP,BAU,2/20/2017,-0.339,34861
ABS-UF,Tropical_West_Block_1,IMP,BAU,2/20/2017,-0.707,23629
ABS-UF,Tropical_West_Block_1,IMP,BAU,2/20/2017,0.513,73497
ABS-UF,Tropical_West_Block_1,IMP,BAU,2/20/2017,-0.627,27175
ABS-UF,Tropical_East_Block_2,IMP,ASP,2/20/2017,1.476,26622
ABS-UF,Tropical_East_Block_2,IMP,ASP,2/20/2017,NA,43459
ABS-UF,Tropical_East_Block_2,IMP,ASP,2/20/2017,0.364,28270
ABS-UF,Tropical_East_Block_2,IMP,ASP,2/20/2017,2.661,23171
ABS-UF,Tropical_East_Block_2,IMP,ASP,2/20/2017,0.404,34107
ABS-UF,Tropical_East_Block_2,IMP,ASP,2/20/2017,NA,25045
ABS-UF,Tropical_East_Block_2,IMP,ASP,2/20/2017,8.034,23085
ABS-UF,Tropical_East_Block_2,IMP,ASP,2/20/2017,13.195,24854
ABS-UF,Tropical_East_Block_2,IMP,ASP,2/20/2017,0.071,18622
ABS-UF,Winter_3_Block,SN,ASP,3/13/2017,-0.066,13603
ABS-UF,Winter_3_Block,SN,ASP,3/13/2017,0.649,28011
ABS-UF,Winter_3_Block,SN,ASP,3/13/2017,0.235,18249
ABS-UF,Winter_3_Block,SN,ASP,3/13/2017,0.149,23945
ABS-UF,Winter_3_Block,SN,ASP,3/13/2017,0.174,24335
ABS-UF,Winter_3_Block,SN,ASP,3/13/2017,-0.27,40224
ABS-UF,Winter_3_Block,SN,ASP,3/13/2017,0.033,18932
ABS-UF,Winter_3_Block,SN,ASP,3/13/2017,-0.164,20548
ABS-UF,Winter_3_Block,SN,ASP,3/13/2017,-0.24,23549
ABS-UF,Winter_6_Block,SN,BAU,3/13/2017,1.449,35316
ABS-UF,Winter_6_Block,SN,BAU,3/13/2017,0.241,40376
ABS-UF,Winter_6_Block,SN,BAU,3/13/2017,0.161,37561
ABS-UF,East_Marsh_Block_2,SN,BAU,3/15/2017,-0.443,30945
ABS-UF,East_Marsh_Block_2,SN,BAU,3/15/2017,-0.02,48291
ABS-UF,East_Marsh_Block_2,SN,BAU,3/15/2017,-0.457,41589
ABS-UF,Summer_6_Block,IMP,ASP,3/15/2017,-4.379,28420
ABS-UF,Summer_6_Block,IMP,ASP,3/15/2017,0.399,37123
ABS-UF,Summer_6_Block,IMP,ASP,3/15/2017,0.718,47376
ABS-UF,Summer_6_Block,IMP,ASP,3/15/2017,0.073,9394
ABS-UF,Summer_6_Block,IMP,ASP,3/15/2017,-0.178,43190
ABS-UF,Summer_6_Block,IMP,ASP,3/15/2017,-0.087,49041
ABS-UF,Summer_6_Block,IMP,ASP,3/15/2017,0.154,36351
ABS-UF,Summer_6_Block,IMP,ASP,3/15/2017,1.023,40966
ABS-UF,Summer_6_Block,IMP,ASP,3/15/2017,0.234,43211
ABS-UF,Summer_3_Block,IMP,BAU,3/15/2017,-0.117,92157
ABS-UF,Summer_3_Block,IMP,BAU,3/15/2017,0.144,40697
ABS-UF,Summer_3_Block,IMP,BAU,3/15/2017,-0.112,19924
ABS-UF,East_Marsh_Block_1,SN,ASP,3/15/2017,0.045,20578
ABS-UF,East_Marsh_Block_1,SN,ASP,3/15/2017,0.719,8772
ABS-UF,East_Marsh_Block_1,SN,ASP,3/15/2017,0.086,33881
ABS-UF,East_Marsh_Block_1,SN,ASP,3/15/2017,-0.623,5601
ABS-UF,East_Marsh_Block_1,SN,ASP,3/15/2017,2.272,17238
ABS-UF,East_Marsh_Block_1,SN,ASP,3/15/2017,-0.036,10379
ABS-UF,East_Marsh_Block_1,SN,ASP,3/15/2017,0.189,13234
ABS-UF,East_Marsh_Block_1,SN,ASP,3/15/2017,0.425,17328
ABS-UF,East_Marsh_Block_1,SN,ASP,3/15/2017,-0.039,39468
ABS-UF,Griffin_Park_Block,IMP,BAU,3/13/2017,1.685,24336
ABS-UF,Griffin_Park_Block,IMP,BAU,3/13/2017,10.734,32456
ABS-UF,Griffin_Park_Block,IMP,BAU,3/13/2017,0.015,3161
ABS-UF,Griffin_Park_Block,IMP,BAU,3/13/2017,-0.28,21449
ABS-UF,Griffin_Park_Block,IMP,BAU,3/13/2017,-0.086,24921
ABS-UF,Griffin_Park_Block,IMP,BAU,3/13/2017,-0.132,23102
ABS-UF,Griffin_Park_Block,IMP,BAU,3/13/2017,1.289,30545
ABS-UF,Griffin_Park_Block,IMP,BAU,3/13/2017,0.807,19815
ABS-UF,Griffin_Park_Block,IMP,BAU,3/13/2017,3.355,31208
ABS-UF,Shop_Field_Block,IMP,BAU,3/13/2017,-0.182,61019
ABS-UF,Shop_Field_Block,IMP,BAU,3/13/2017,0.019,60699
ABS-UF,Shop_Field_Block,IMP,BAU,3/13/2017,0.012,53728
ABS-UF,West_Marsh_Block_2,SN,BAU,3/14/2017,-0.111,22676
ABS-UF,West_Marsh_Block_2,SN,BAU,3/14/2017,0.045,31002
ABS-UF,West_Marsh_Block_2,SN,BAU,3/14/2017,0.176,28400
ABS-UF,West_Marsh_Block_3,SN,ASP,3/14/2017,-0.714,17300
ABS-UF,West_Marsh_Block_3,SN,ASP,3/14/2017,0.866,16305
ABS-UF,West_Marsh_Block_3,SN,ASP,3/14/2017,-0.009,22628
ABS-UF,West_Marsh_Block_3,SN,ASP,3/14/2017,-0.03,49504
ABS-UF,West_Marsh_Block_3,SN,ASP,3/14/2017,0.059,38135
ABS-UF,West_Marsh_Block_3,SN,ASP,3/14/2017,0.033,28310
ABS-UF,West_Marsh_Block_3,SN,ASP,3/14/2017,-0.08,32610
ABS-UF,West_Marsh_Block_3,SN,ASP,3/14/2017,4.415,31502
ABS-UF,West_Marsh_Block_3,SN,ASP,3/14/2017,1.181,31502
ABS-UF,West_Marsh_Block_4,SN,BAU,3/13/2017,-0.037,21040
ABS-UF,West_Marsh_Block_4,SN,BAU,3/13/2017,1.24,13470
ABS-UF,West_Marsh_Block_4,SN,BAU,3/13/2017,-0.747,16734
ABS-UF,Tropical_West_Block_2,IMP,ASP,3/15/2017,0.011,100184
ABS-UF,Tropical_West_Block_2,IMP,ASP,3/15/2017,-0.132,47985
ABS-UF,Tropical_West_Block_2,IMP,ASP,3/15/2017,-0.239,51551
ABS-UF,Tropical_West_Block_2,IMP,ASP,3/15/2017,-0.336,62966
ABS-UF,Tropical_West_Block_2,IMP,ASP,3/15/2017,-0.043,74777
ABS-UF,Tropical_West_Block_2,IMP,ASP,3/15/2017,5.949,41327
ABS-UF,Tropical_West_Block_2,IMP,ASP,3/15/2017,-0.375,60366
ABS-UF,Tropical_West_Block_2,IMP,ASP,3/15/2017,0.336,41638
ABS-UF,Tropical_West_Block_2,IMP,ASP,3/15/2017,-0.441,32692
ABS-UF,West_Marsh_Block_1,SN,ASP,3/14/2017,-0.022,43384
ABS-UF,West_Marsh_Block_1,SN,ASP,3/14/2017,3.922,29062
ABS-UF,West_Marsh_Block_1,SN,ASP,3/14/2017,0.92,19468
ABS-UF,West_Marsh_Block_1,SN,ASP,3/14/2017,NA,22277
ABS-UF,West_Marsh_Block_1,SN,ASP,3/14/2017,0.234,23208
ABS-UF,West_Marsh_Block_1,SN,ASP,3/14/2017,1.343,30045
ABS-UF,West_Marsh_Block_1,SN,ASP,3/14/2017,-0.332,29048
ABS-UF,West_Marsh_Block_1,SN,ASP,3/14/2017,0.109,25986
ABS-UF,West_Marsh_Block_1,SN,ASP,3/14/2017,0.068,32217
ABS-UF,Tropical_East_Block_1,IMP,BAU,3/16/2017,0.033,62355
ABS-UF,Tropical_East_Block_1,IMP,BAU,3/16/2017,-0.118,62429
ABS-UF,Tropical_East_Block_1,IMP,BAU,3/16/2017,0.451,47830
ABS-UF,Tropical_West_Block_1,IMP,BAU,3/15/2017,NA,NA
ABS-UF,Tropical_West_Block_1,IMP,BAU,3/15/2017,0.037,69911
ABS-UF,Tropical_West_Block_1,IMP,BAU,3/15/2017,3.376,64339
ABS-UF,Tropical_East_Block_2,IMP,ASP,3/16/2017,0.162,28273
ABS-UF,Tropical_East_Block_2,IMP,ASP,3/16/2017,0.897,34836
ABS-UF,Tropical_East_Block_2,IMP,ASP,3/16/2017,1.511,52358
ABS-UF,Tropical_East_Block_2,IMP,ASP,3/16/2017,0.109,32959
ABS-UF,Tropical_East_Block_2,IMP,ASP,3/16/2017,0.153,22986
ABS-UF,Tropical_East_Block_2,IMP,ASP,3/16/2017,0.302,27031
ABS-UF,Tropical_East_Block_2,IMP,ASP,3/16/2017,4.262,39095
ABS-UF,Tropical_East_Block_2,IMP,ASP,3/16/2017,4.51,33659
ABS-UF,Tropical_East_Block_2,IMP,ASP,3/16/2017,7.605,33967
ABS-UF,Winter_3_Block,SN,ASP,4/10/2017,-0.227,53134
ABS-UF,Winter_3_Block,SN,ASP,4/10/2017,0.099,51909
ABS-UF,Winter_3_Block,SN,ASP,4/10/2017,0.578,39699
ABS-UF,Winter_3_Block,SN,ASP,4/10/2017,0.065,49905
ABS-UF,Winter_3_Block,SN,ASP,4/10/2017,1.039,37275
ABS-UF,Winter_3_Block,SN,ASP,4/10/2017,0.264,68647
ABS-UF,Winter_3_Block,SN,ASP,4/10/2017,0.271,40352
ABS-UF,Winter_3_Block,SN,ASP,4/10/2017,0.873,26611
ABS-UF,Winter_3_Block,SN,ASP,4/10/2017,0.07,41123
ABS-UF,Winter_6_Block,SN,BAU,4/10/2017,-0.236,70003
ABS-UF,Winter_6_Block,SN,BAU,4/10/2017,-0.465,72224
ABS-UF,Winter_6_Block,SN,BAU,4/10/2017,-0.619,44706
ABS-UF,East_Marsh_Block_2,SN,BAU,4/12/2017,-0.119,27759
ABS-UF,East_Marsh_Block_2,SN,BAU,4/12/2017,6.2,51006
ABS-UF,East_Marsh_Block_2,SN,BAU,4/12/2017,0.073,NA
ABS-UF,Summer_6_Block,IMP,ASP,4/12/2017,-0.44,NA
ABS-UF,Summer_6_Block,IMP,ASP,4/12/2017,-0.063,NA
ABS-UF,Summer_6_Block,IMP,ASP,4/12/2017,0.674,NA
ABS-UF,Summer_6_Block,IMP,ASP,4/12/2017,0.074,NA
ABS-UF,Summer_6_Block,IMP,ASP,4/12/2017,0.761,NA
ABS-UF,Summer_6_Block,IMP,ASP,4/12/2017,3.225,NA
ABS-UF,Summer_6_Block,IMP,ASP,4/12/2017,1.123,NA
ABS-UF,Summer_6_Block,IMP,ASP,4/12/2017,0.516,NA
ABS-UF,Summer_6_Block,IMP,ASP,4/12/2017,-0.524,NA
ABS-UF,Summer_3_Block,IMP,BAU,4/12/2017,0.633,56612
ABS-UF,Summer_3_Block,IMP,BAU,4/12/2017,-0.082,52571
ABS-UF,Summer_3_Block,IMP,BAU,4/12/2017,0.197,73151
ABS-UF,East_Marsh_Block_1,SN,ASP,4/12/2017,0.063,37410
ABS-UF,East_Marsh_Block_1,SN,ASP,4/12/2017,3.133,41270
ABS-UF,East_Marsh_Block_1,SN,ASP,4/12/2017,1.075,74054
ABS-UF,East_Marsh_Block_1,SN,ASP,4/12/2017,0.167,28123
ABS-UF,East_Marsh_Block_1,SN,ASP,4/12/2017,-0.009,33840
ABS-UF,East_Marsh_Block_1,SN,ASP,4/12/2017,-0.024,27972
ABS-UF,East_Marsh_Block_1,SN,ASP,4/12/2017,-0.075,10938
ABS-UF,East_Marsh_Block_1,SN,ASP,4/12/2017,0.883,13059
ABS-UF,East_Marsh_Block_1,SN,ASP,4/12/2017,0.811,47159
ABS-UF,Griffin_Park_Block,IMP,BAU,4/10/2017,0.723,59038
ABS-UF,Griffin_Park_Block,IMP,BAU,4/10/2017,0.492,67446
ABS-UF,Griffin_Park_Block,IMP,BAU,4/10/2017,0.264,35225
ABS-UF,Griffin_Park_Block,IMP,BAU,4/10/2017,-0.395,21232
ABS-UF,Griffin_Park_Block,IMP,BAU,4/10/2017,-0.24,61074
ABS-UF,Griffin_Park_Block,IMP,BAU,4/10/2017,-0.392,46519
ABS-UF,Griffin_Park_Block,IMP,BAU,4/10/2017,6.207,72320
ABS-UF,Griffin_Park_Block,IMP,BAU,4/10/2017,1.227,44057
ABS-UF,Griffin_Park_Block,IMP,BAU,4/10/2017,10.776,78312
ABS-UF,Shop_Field_Block,IMP,BAU,4/13/2017,0.061,67510
ABS-UF,Shop_Field_Block,IMP,BAU,4/13/2017,-0.02,61735
ABS-UF,Shop_Field_Block,IMP,BAU,4/13/2017,0.392,54818
ABS-UF,West_Marsh_Block_2,SN,BAU,4/12/2017,0.385,10943
ABS-UF,West_Marsh_Block_2,SN,BAU,4/12/2017,0.404,22136
ABS-UF,West_Marsh_Block_2,SN,BAU,4/12/2017,-0.017,23412
ABS-UF,West_Marsh_Block_3,SN,ASP,4/13/2017,9.431,27561
ABS-UF,West_Marsh_Block_3,SN,ASP,4/13/2017,0.126,23480
ABS-UF,West_Marsh_Block_3,SN,ASP,4/13/2017,0.59,13910
ABS-UF,West_Marsh_Block_3,SN,ASP,4/13/2017,0.655,80626
ABS-UF,West_Marsh_Block_3,SN,ASP,4/13/2017,1.349,63920
ABS-UF,West_Marsh_Block_3,SN,ASP,4/13/2017,0.144,43358
ABS-UF,West_Marsh_Block_3,SN,ASP,4/13/2017,0.229,37627
ABS-UF,West_Marsh_Block_3,SN,ASP,4/13/2017,1.143,31696
ABS-UF,West_Marsh_Block_3,SN,ASP,4/13/2017,0.108,26649
ABS-UF,West_Marsh_Block_4,SN,BAU,4/13/2017,0.304,16569
ABS-UF,West_Marsh_Block_4,SN,BAU,4/13/2017,-0.932,11728
ABS-UF,West_Marsh_Block_4,SN,BAU,4/13/2017,0.593,32335
ABS-UF,Tropical_West_Block_2,IMP,ASP,4/11/2017,-0.127,69867
ABS-UF,Tropical_West_Block_2,IMP,ASP,4/11/2017,-0.068,20054
ABS-UF,Tropical_West_Block_2,IMP,ASP,4/11/2017,-0.153,81103
ABS-UF,Tropical_West_Block_2,IMP,ASP,4/11/2017,0.42,77783
ABS-UF,Tropical_West_Block_2,IMP,ASP,4/11/2017,1.919,83339
ABS-UF,Tropical_West_Block_2,IMP,ASP,4/11/2017,0.657,65229
ABS-UF,Tropical_West_Block_2,IMP,ASP,4/11/2017,3.582,123297
ABS-UF,Tropical_West_Block_2,IMP,ASP,4/11/2017,0.559,67637
ABS-UF,Tropical_West_Block_2,IMP,ASP,4/11/2017,0.769,89340
ABS-UF,West_Marsh_Block_1,SN,ASP,4/12/2017,-0.152,15002
ABS-UF,West_Marsh_Block_1,SN,ASP,4/12/2017,-0.005,39126
ABS-UF,West_Marsh_Block_1,SN,ASP,4/12/2017,1.231,18867
ABS-UF,West_Marsh_Block_1,SN,ASP,4/12/2017,-1.823,48139
ABS-UF,West_Marsh_Block_1,SN,ASP,4/12/2017,-0.02,50567
ABS-UF,West_Marsh_Block_1,SN,ASP,4/12/2017,3.995,46454
ABS-UF,West_Marsh_Block_1,SN,ASP,4/12/2017,3.485,79228
ABS-UF,West_Marsh_Block_1,SN,ASP,4/12/2017,1.248,25112
ABS-UF,West_Marsh_Block_1,SN,ASP,4/12/2017,-0.023,255
ABS-UF,Tropical_East_Block_1,IMP,BAU,4/11/2017,0.048,67664
ABS-UF,Tropical_East_Block_1,IMP,BAU,4/11/2017,1.148,123077
ABS-UF,Tropical_East_Block_1,IMP,BAU,4/11/2017,0.888,84833
ABS-UF,Tropical_West_Block_1,IMP,BAU,4/11/2017,0.243,63447
ABS-UF,Tropical_West_Block_1,IMP,BAU,4/11/2017,-0.154,39319
ABS-UF,Tropical_West_Block_1,IMP,BAU,4/11/2017,4.788,115478
ABS-UF,Tropical_East_Block_2,IMP,ASP,4/11/2017,-0.449,44301
ABS-UF,Tropical_East_Block_2,IMP,ASP,4/11/2017,0.651,45912
ABS-UF,Tropical_East_Block_2,IMP,ASP,4/11/2017,0.386,54880
ABS-UF,Tropical_East_Block_2,IMP,ASP,4/11/2017,0.411,39855
ABS-UF,Tropical_East_Block_2,IMP,ASP,4/11/2017,0.505,62436
ABS-UF,Tropical_East_Block_2,IMP,ASP,4/11/2017,0.421,30094
ABS-UF,Tropical_East_Block_2,IMP,ASP,4/11/2017,-0.011,58775
ABS-UF,Tropical_East_Block_2,IMP,ASP,4/11/2017,0.414,57151
ABS-UF,Tropical_East_Block_2,IMP,ASP,4/11/2017,-0.044,24449
ABS-UF,Winter_3_Block,SN,ASP,5/8/2017,0.096,78709
ABS-UF,Winter_3_Block,SN,ASP,5/8/2017,0.591,66098
ABS-UF,Winter_3_Block,SN,ASP,5/8/2017,1.429,97424
ABS-UF,Winter_3_Block,SN,ASP,5/8/2017,0.102,69776
ABS-UF,Winter_3_Block,SN,ASP,5/8/2017,0.669,72584
ABS-UF,Winter_3_Block,SN,ASP,5/8/2017,0.725,76092
ABS-UF,Winter_3_Block,SN,ASP,5/8/2017,0.286,42529
ABS-UF,Winter_3_Block,SN,ASP,5/8/2017,0.933,46422
ABS-UF,Winter_3_Block,SN,ASP,5/8/2017,-0.565,43404
ABS-UF,Winter_6_Block,SN,BAU,5/8/2017,0.048,107762
ABS-UF,Winter_6_Block,SN,BAU,5/8/2017,-0.154,99649
ABS-UF,Winter_6_Block,SN,BAU,5/8/2017,-0.022,61148
ABS-UF,East_Marsh_Block_2,SN,BAU,5/9/2017,-0.446,91144
ABS-UF,East_Marsh_Block_2,SN,BAU,5/9/2017,2.022,96392
ABS-UF,East_Marsh_Block_2,SN,BAU,5/9/2017,-2.691,61207
ABS-UF,Summer_6_Block,IMP,ASP,5/9/2017,-0.307,116149
ABS-UF,Summer_6_Block,IMP,ASP,5/9/2017,0.628,106723
ABS-UF,Summer_6_Block,IMP,ASP,5/9/2017,0.42,109345
ABS-UF,Summer_6_Block,IMP,ASP,5/9/2017,0.212,96911
ABS-UF,Summer_6_Block,IMP,ASP,5/9/2017,-0.059,82500
ABS-UF,Summer_6_Block,IMP,ASP,5/9/2017,0.324,102229
ABS-UF,Summer_6_Block,IMP,ASP,5/9/2017,-0.839,98218
ABS-UF,Summer_6_Block,IMP,ASP,5/9/2017,-0.424,100612
ABS-UF,Summer_6_Block,IMP,ASP,5/9/2017,0.091,87677
ABS-UF,Summer_3_Block,IMP,BAU,5/9/2017,0.966,79898
ABS-UF,Summer_3_Block,IMP,BAU,5/9/2017,0.032,22348
ABS-UF,Summer_3_Block,IMP,BAU,5/9/2017,1.147,76037
ABS-UF,East_Marsh_Block_1,SN,ASP,5/9/2017,1.299,59309
ABS-UF,East_Marsh_Block_1,SN,ASP,5/9/2017,0.341,96292
ABS-UF,East_Marsh_Block_1,SN,ASP,5/9/2017,2.262,93437
ABS-UF,East_Marsh_Block_1,SN,ASP,5/9/2017,0.33,22408
ABS-UF,East_Marsh_Block_1,SN,ASP,5/9/2017,0.109,68065
ABS-UF,East_Marsh_Block_1,SN,ASP,5/9/2017,0.592,54363
ABS-UF,East_Marsh_Block_1,SN,ASP,5/9/2017,-0.532,48185
ABS-UF,East_Marsh_Block_1,SN,ASP,5/9/2017,0.41,46856
ABS-UF,East_Marsh_Block_1,SN,ASP,5/9/2017,1.786,75249
ABS-UF,Griffin_Park_Block,IMP,BAU,5/10/2017,1.866,NA
ABS-UF,Griffin_Park_Block,IMP,BAU,5/10/2017,0.023,NA
ABS-UF,Griffin_Park_Block,IMP,BAU,5/10/2017,0.808,NA
ABS-UF,Griffin_Park_Block,IMP,BAU,5/10/2017,-0.062,NA
ABS-UF,Griffin_Park_Block,IMP,BAU,5/10/2017,1.079,NA
ABS-UF,Griffin_Park_Block,IMP,BAU,5/10/2017,-0.04,NA
ABS-UF,Griffin_Park_Block,IMP,BAU,5/10/2017,NA,NA
ABS-UF,Griffin_Park_Block,IMP,BAU,5/10/2017,0.495,NA
ABS-UF,Griffin_Park_Block,IMP,BAU,5/10/2017,NA,NA
ABS-UF,Shop_Field_Block,IMP,BAU,5/4/2017,-0.198,NA
ABS-UF,Shop_Field_Block,IMP,BAU,5/4/2017,0.069,NA
ABS-UF,Shop_Field_Block,IMP,BAU,5/4/2017,0.229,NA
ABS-UF,West_Marsh_Block_2,SN,BAU,5/8/2017,-0.117,NA
ABS-UF,West_Marsh_Block_2,SN,BAU,5/8/2017,-1.086,NA
ABS-UF,West_Marsh_Block_2,SN,BAU,5/8/2017,-0.202,NA
ABS-UF,West_Marsh_Block_3,SN,ASP,5/10/2017,0.301,NA
ABS-UF,West_Marsh_Block_3,SN,ASP,5/10/2017,3.174,NA
ABS-UF,West_Marsh_Block_3,SN,ASP,5/10/2017,NA,NA
ABS-UF,West_Marsh_Block_3,SN,ASP,5/10/2017,0.061,NA
ABS-UF,West_Marsh_Block_3,SN,ASP,5/10/2017,0.028,NA
ABS-UF,West_Marsh_Block_3,SN,ASP,5/10/2017,1.341,NA
ABS-UF,West_Marsh_Block_3,SN,ASP,5/10/2017,1.773,NA
ABS-UF,West_Marsh_Block_3,SN,ASP,5/10/2017,-1.057,NA
ABS-UF,West_Marsh_Block_3,SN,ASP,5/10/2017,-0.744,NA
ABS-UF,West_Marsh_Block_4,SN,BAU,5/9/2017,0.237,18716
ABS-UF,West_Marsh_Block_4,SN,BAU,5/9/2017,0.431,16854
ABS-UF,West_Marsh_Block_4,SN,BAU,5/9/2017,0.852,29837
ABS-UF,Tropical_West_Block_2,IMP,ASP,5/8/2017,-0.515,136458
ABS-UF,Tropical_West_Block_2,IMP,ASP,5/8/2017,-0.031,125218
ABS-UF,Tropical_West_Block_2,IMP,ASP,5/8/2017,-0.497,125596
ABS-UF,Tropical_West_Block_2,IMP,ASP,5/8/2017,0.042,162162
ABS-UF,Tropical_West_Block_2,IMP,ASP,5/8/2017,0.22,162162
ABS-UF,Tropical_West_Block_2,IMP,ASP,5/8/2017,-0.353,102305
ABS-UF,Tropical_West_Block_2,IMP,ASP,5/8/2017,0.104,118280
ABS-UF,Tropical_West_Block_2,IMP,ASP,5/8/2017,1.454,110669
ABS-UF,Tropical_West_Block_2,IMP,ASP,5/8/2017,0.242,129919
ABS-UF,West_Marsh_Block_1,SN,ASP,5/8/2017,2.47,58500
ABS-UF,West_Marsh_Block_1,SN,ASP,5/8/2017,NA,NA
ABS-UF,West_Marsh_Block_1,SN,ASP,5/8/2017,0.318,58068
ABS-UF,West_Marsh_Block_1,SN,ASP,5/8/2017,0.037,71220
ABS-UF,West_Marsh_Block_1,SN,ASP,5/8/2017,-0.071,84509
ABS-UF,West_Marsh_Block_1,SN,ASP,5/8/2017,0.772,90856
ABS-UF,West_Marsh_Block_1,SN,ASP,5/8/2017,1.012,47285
ABS-UF,West_Marsh_Block_1,SN,ASP,5/8/2017,0.287,48106
ABS-UF,West_Marsh_Block_1,SN,ASP,5/8/2017,0.968,64609
ABS-UF,Tropical_East_Block_1,IMP,BAU,5/4/2017,0.222,136447
ABS-UF,Tropical_East_Block_1,IMP,BAU,5/4/2017,0.141,140811
ABS-UF,Tropical_East_Block_1,IMP,BAU,5/4/2017,0.749,132156
ABS-UF,Tropical_West_Block_1,IMP,BAU,5/4/2017,0.189,147285
ABS-UF,Tropical_West_Block_1,IMP,BAU,5/4/2017,0.092,116526
ABS-UF,Tropical_West_Block_1,IMP,BAU,5/4/2017,0.939,88847
ABS-UF,Tropical_East_Block_2,IMP,ASP,5/8/2017,-0.194,69926
ABS-UF,Tropical_East_Block_2,IMP,ASP,5/8/2017,-0.027,63058
ABS-UF,Tropical_East_Block_2,IMP,ASP,5/8/2017,0.925,59176
ABS-UF,Tropical_East_Block_2,IMP,ASP,5/8/2017,-0.23,53230
ABS-UF,Tropical_East_Block_2,IMP,ASP,5/8/2017,-0.194,72696
ABS-UF,Tropical_East_Block_2,IMP,ASP,5/8/2017,-0.188,50700
ABS-UF,Tropical_East_Block_2,IMP,ASP,5/8/2017,-0.02,59188
ABS-UF,Tropical_East_Block_2,IMP,ASP,5/8/2017,-0.201,50718
ABS-UF,Tropical_East_Block_2,IMP,ASP,5/8/2017,0.722,57902
ABS-UF,Winter_3_Block,SN,ASP,6/9/2017,0.07,61951
ABS-UF,Winter_3_Block,SN,ASP,6/9/2017,0.288,147334
ABS-UF,Winter_3_Block,SN,ASP,6/9/2017,NA,NA
ABS-UF,Winter_3_Block,SN,ASP,6/9/2017,-0.398,141605
ABS-UF,Winter_3_Block,SN,ASP,6/9/2017,-0.202,130449
ABS-UF,Winter_3_Block,SN,ASP,6/9/2017,-0.568,191834
ABS-UF,Winter_3_Block,SN,ASP,6/9/2017,0.064,60157
ABS-UF,Winter_3_Block,SN,ASP,6/9/2017,0.302,65486
ABS-UF,Winter_3_Block,SN,ASP,6/9/2017,0.23,85787
ABS-UF,Winter_6_Block,SN,BAU,6/9/2017,-0.389,156539
ABS-UF,Winter_6_Block,SN,BAU,6/9/2017,0.608,146597
ABS-UF,Winter_6_Block,SN,BAU,6/9/2017,0.076,79241
ABS-UF,East_Marsh_Block_2,SN,BAU,6/9/2017,0.496,NA
ABS-UF,East_Marsh_Block_2,SN,BAU,6/9/2017,0.461,NA
ABS-UF,East_Marsh_Block_2,SN,BAU,6/9/2017,0.368,NA
ABS-UF,Summer_6_Block,IMP,ASP,6/9/2017,1.811,NA
ABS-UF,Summer_6_Block,IMP,ASP,6/9/2017,-0.359,NA
ABS-UF,Summer_6_Block,IMP,ASP,6/9/2017,6.186,NA
ABS-UF,Summer_6_Block,IMP,ASP,6/9/2017,4.081,NA
ABS-UF,Summer_6_Block,IMP,ASP,6/9/2017,-0.074,NA
ABS-UF,Summer_6_Block,IMP,ASP,6/9/2017,6.5,NA
ABS-UF,Summer_6_Block,IMP,ASP,6/9/2017,-0.042,NA
ABS-UF,Summer_6_Block,IMP,ASP,6/9/2017,-0.071,NA
ABS-UF,Summer_6_Block,IMP,ASP,6/9/2017,0.155,NA
ABS-UF,Summer_3_Block,IMP,BAU,6/9/2017,0.633,NA
ABS-UF,Summer_3_Block,IMP,BAU,6/9/2017,-0.308,NA
ABS-UF,Summer_3_Block,IMP,BAU,6/9/2017,0.164,NA
ABS-UF,East_Marsh_Block_1,SN,ASP,6/9/2017,0.072,NA
ABS-UF,East_Marsh_Block_1,SN,ASP,6/9/2017,NA,NA
ABS-UF,East_Marsh_Block_1,SN,ASP,6/9/2017,1.123,NA
ABS-UF,East_Marsh_Block_1,SN,ASP,6/9/2017,-0.541,NA
ABS-UF,East_Marsh_Block_1,SN,ASP,6/9/2017,-0.322,NA
ABS-UF,East_Marsh_Block_1,SN,ASP,6/9/2017,0.006,NA
ABS-UF,East_Marsh_Block_1,SN,ASP,6/9/2017,0.051,NA
ABS-UF,East_Marsh_Block_1,SN,ASP,6/9/2017,NA,NA
ABS-UF,East_Marsh_Block_1,SN,ASP,6/9/2017,NA,NA
ABS-UF,Griffin_Park_Block,IMP,BAU,6/8/2017,NA,NA
ABS-UF,Griffin_Park_Block,IMP,BAU,6/8/2017,NA,NA
ABS-UF,Griffin_Park_Block,IMP,BAU,6/8/2017,NA,NA
ABS-UF,Griffin_Park_Block,IMP,BAU,6/8/2017,NA,NA
ABS-UF,Griffin_Park_Block,IMP,BAU,6/8/2017,NA,NA
ABS-UF,Griffin_Park_Block,IMP,BAU,6/8/2017,NA,NA
ABS-UF,Griffin_Park_Block,IMP,BAU,6/8/2017,NA,NA
ABS-UF,Griffin_Park_Block,IMP,BAU,6/8/2017,NA,NA
ABS-UF,Griffin_Park_Block,IMP,BAU,6/8/2017,NA,228496
ABS-UF,Shop_Field_Block,IMP,BAU,6/6/2017,0.32,122530
ABS-UF,Shop_Field_Block,IMP,BAU,6/6/2017,0.246,116531
ABS-UF,Shop_Field_Block,IMP,BAU,6/6/2017,0.991,121062
ABS-UF,West_Marsh_Block_2,SN,BAU,6/7/2017,0.272,4859
ABS-UF,West_Marsh_Block_2,SN,BAU,6/7/2017,0.144,44296
ABS-UF,West_Marsh_Block_2,SN,BAU,6/7/2017,0.185,27812
ABS-UF,West_Marsh_Block_3,SN,ASP,6/9/2017,-0.377,58338
ABS-UF,West_Marsh_Block_3,SN,ASP,6/9/2017,NA,NA
ABS-UF,West_Marsh_Block_3,SN,ASP,6/9/2017,NA,NA
ABS-UF,West_Marsh_Block_3,SN,ASP,6/9/2017,0.768,136406
ABS-UF,West_Marsh_Block_3,SN,ASP,6/9/2017,0.587,66918
ABS-UF,West_Marsh_Block_3,SN,ASP,6/9/2017,0.38,94736
ABS-UF,West_Marsh_Block_3,SN,ASP,6/9/2017,0.019,51431
ABS-UF,West_Marsh_Block_3,SN,ASP,6/9/2017,0.287,19729
ABS-UF,West_Marsh_Block_3,SN,ASP,6/9/2017,NA,NA
ABS-UF,West_Marsh_Block_4,SN,BAU,6/9/2017,0.952,56954
ABS-UF,West_Marsh_Block_4,SN,BAU,6/9/2017,0.047,67973
ABS-UF,West_Marsh_Block_4,SN,BAU,6/9/2017,0.16,76193
ABS-UF,Tropical_West_Block_2,IMP,ASP,6/7/2017,-0.494,45881
ABS-UF,Tropical_West_Block_2,IMP,ASP,6/7/2017,0.35,42154
ABS-UF,Tropical_West_Block_2,IMP,ASP,6/7/2017,-0.459,62068
ABS-UF,Tropical_West_Block_2,IMP,ASP,6/7/2017,0.564,130624
ABS-UF,Tropical_West_Block_2,IMP,ASP,6/7/2017,-0.678,70692
ABS-UF,Tropical_West_Block_2,IMP,ASP,6/7/2017,-0.613,77549
ABS-UF,Tropical_West_Block_2,IMP,ASP,6/7/2017,0.067,47360
ABS-UF,Tropical_West_Block_2,IMP,ASP,6/7/2017,0.254,38162
ABS-UF,Tropical_West_Block_2,IMP,ASP,6/7/2017,-0.24,42718
ABS-UF,West_Marsh_Block_1,SN,ASP,6/7/2017,0.184,51196
ABS-UF,West_Marsh_Block_1,SN,ASP,6/7/2017,0.093,NA
ABS-UF,West_Marsh_Block_1,SN,ASP,6/7/2017,0.486,76140
ABS-UF,West_Marsh_Block_1,SN,ASP,6/7/2017,0.882,96454
ABS-UF,West_Marsh_Block_1,SN,ASP,6/7/2017,0.072,79991
ABS-UF,West_Marsh_Block_1,SN,ASP,6/7/2017,-0.324,93961
ABS-UF,West_Marsh_Block_1,SN,ASP,6/7/2017,-0.267,79430
ABS-UF,West_Marsh_Block_1,SN,ASP,6/7/2017,0.053,68820
ABS-UF,West_Marsh_Block_1,SN,ASP,6/7/2017,-0.391,83534
ABS-UF,Tropical_East_Block_1,IMP,BAU,6/7/2017,0.834,127837
ABS-UF,Tropical_East_Block_1,IMP,BAU,6/7/2017,-0.157,122860
ABS-UF,Tropical_East_Block_1,IMP,BAU,6/7/2017,0.014,136842
ABS-UF,Tropical_West_Block_1,IMP,BAU,6/7/2017,2.202,117786
ABS-UF,Tropical_West_Block_1,IMP,BAU,6/7/2017,0.604,136964
ABS-UF,Tropical_West_Block_1,IMP,BAU,6/7/2017,-0.795,107353
ABS-UF,Tropical_East_Block_2,IMP,ASP,6/7/2017,-2.702,14033
ABS-UF,Tropical_East_Block_2,IMP,ASP,6/7/2017,1.385,142078
ABS-UF,Tropical_East_Block_2,IMP,ASP,6/7/2017,0.176,119951
ABS-UF,Tropical_East_Block_2,IMP,ASP,6/7/2017,2.098,36102
ABS-UF,Tropical_East_Block_2,IMP,ASP,6/7/2017,-1.497,100488
ABS-UF,Tropical_East_Block_2,IMP,ASP,6/7/2017,0.165,87953
ABS-UF,Tropical_East_Block_2,IMP,ASP,6/7/2017,-0.111,18551
ABS-UF,Tropical_East_Block_2,IMP,ASP,6/7/2017,-0.104,91300
ABS-UF,Tropical_East_Block_2,IMP,ASP,6/7/2017,-0.04,29750
ABS-UF,Winter_3_Block,SN,ASP,7/3/2017,0.301,232030
ABS-UF,Winter_3_Block,SN,ASP,7/3/2017,-0.099,174666
ABS-UF,Winter_3_Block,SN,ASP,7/3/2017,0.025,144999
ABS-UF,Winter_3_Block,SN,ASP,7/3/2017,-0.725,181826
ABS-UF,Winter_3_Block,SN,ASP,7/3/2017,0.11,195185
ABS-UF,Winter_3_Block,SN,ASP,7/3/2017,-0.009,94633
ABS-UF,Winter_3_Block,SN,ASP,7/3/2017,0.159,152500
ABS-UF,Winter_3_Block,SN,ASP,7/3/2017,0.134,127880
ABS-UF,Winter_3_Block,SN,ASP,7/3/2017,0.127,109167
ABS-UF,Winter_6_Block,SN,BAU,7/3/2017,-0.72,188747
ABS-UF,Winter_6_Block,SN,BAU,7/3/2017,0.057,202499
ABS-UF,Winter_6_Block,SN,BAU,7/3/2017,0.375,150433
ABS-UF,East_Marsh_Block_2,SN,BAU,7/7/2017,-1.149,274892
ABS-UF,East_Marsh_Block_2,SN,BAU,7/7/2017,0.603,280296
ABS-UF,East_Marsh_Block_2,SN,BAU,7/7/2017,NA,NA
ABS-UF,Summer_6_Block,IMP,ASP,7/7/2017,NA,81377
ABS-UF,Summer_6_Block,IMP,ASP,7/7/2017,NA,185886
ABS-UF,Summer_6_Block,IMP,ASP,7/7/2017,-0.425,27868
ABS-UF,Summer_6_Block,IMP,ASP,7/7/2017,1.079,156904
ABS-UF,Summer_6_Block,IMP,ASP,7/7/2017,0.487,70001
ABS-UF,Summer_6_Block,IMP,ASP,7/7/2017,0.326,112245
ABS-UF,Summer_6_Block,IMP,ASP,7/7/2017,0.372,159318
ABS-UF,Summer_6_Block,IMP,ASP,7/7/2017,-0.579,102864
ABS-UF,Summer_6_Block,IMP,ASP,7/7/2017,0.699,102939
ABS-UF,Summer_3_Block,IMP,BAU,7/7/2017,-0.961,214502
ABS-UF,Summer_3_Block,IMP,BAU,7/7/2017,-0.014,174095
ABS-UF,Summer_3_Block,IMP,BAU,7/7/2017,0.117,89937
ABS-UF,East_Marsh_Block_1,SN,ASP,7/7/2017,-0.534,219268
ABS-UF,East_Marsh_Block_1,SN,ASP,7/7/2017,0.318,109518
ABS-UF,East_Marsh_Block_1,SN,ASP,7/7/2017,2.24,45045
ABS-UF,East_Marsh_Block_1,SN,ASP,7/7/2017,-0.327,141625
ABS-UF,East_Marsh_Block_1,SN,ASP,7/7/2017,1.658,164564
ABS-UF,East_Marsh_Block_1,SN,ASP,7/7/2017,-0.128,182343
ABS-UF,East_Marsh_Block_1,SN,ASP,7/7/2017,0.099,106973
ABS-UF,East_Marsh_Block_1,SN,ASP,7/7/2017,-0.479,152180
ABS-UF,East_Marsh_Block_1,SN,ASP,7/7/2017,-0.329,221553
ABS-UF,Griffin_Park_Block,IMP,BAU,7/3/2017,0.046,162048
ABS-UF,Griffin_Park_Block,IMP,BAU,7/3/2017,2.28,106272
ABS-UF,Griffin_Park_Block,IMP,BAU,7/3/2017,0.064,175494
ABS-UF,Griffin_Park_Block,IMP,BAU,7/3/2017,-0.004,172548
ABS-UF,Griffin_Park_Block,IMP,BAU,7/3/2017,-0.635,114970
ABS-UF,Griffin_Park_Block,IMP,BAU,7/3/2017,0.406,195529
ABS-UF,Griffin_Park_Block,IMP,BAU,7/3/2017,0.201,167881
ABS-UF,Griffin_Park_Block,IMP,BAU,7/3/2017,-0.009,159422
ABS-UF,Griffin_Park_Block,IMP,BAU,7/3/2017,-0.05,90212
ABS-UF,Shop_Field_Block,IMP,BAU,7/3/2017,0.109,226755
ABS-UF,Shop_Field_Block,IMP,BAU,7/3/2017,0.004,181045
ABS-UF,Shop_Field_Block,IMP,BAU,7/3/2017,0.174,228386
ABS-UF,West_Marsh_Block_2,SN,BAU,7/6/2017,-0.223,NA
ABS-UF,West_Marsh_Block_2,SN,BAU,7/6/2017,-0.643,NA
ABS-UF,West_Marsh_Block_2,SN,BAU,7/6/2017,-0.781,NA
ABS-UF,West_Marsh_Block_3,SN,ASP,7/7/2017,1.363,NA
ABS-UF,West_Marsh_Block_3,SN,ASP,7/7/2017,-0.264,NA
ABS-UF,West_Marsh_Block_3,SN,ASP,7/7/2017,-0.455,NA
ABS-UF,West_Marsh_Block_3,SN,ASP,7/7/2017,6.902,110502
ABS-UF,West_Marsh_Block_3,SN,ASP,7/7/2017,-0.078,NA
ABS-UF,West_Marsh_Block_3,SN,ASP,7/7/2017,0,NA
ABS-UF,West_Marsh_Block_3,SN,ASP,7/7/2017,0.128,NA
ABS-UF,West_Marsh_Block_3,SN,ASP,7/7/2017,-0.399,NA
ABS-UF,West_Marsh_Block_3,SN,ASP,7/7/2017,-0.041,NA
ABS-UF,West_Marsh_Block_4,SN,BAU,7/7/2017,-0.404,118337
ABS-UF,West_Marsh_Block_4,SN,BAU,7/7/2017,0.414,85857
ABS-UF,West_Marsh_Block_4,SN,BAU,7/7/2017,-0.229,123871
ABS-UF,Tropical_West_Block_2,IMP,ASP,7/6/2017,-0.254,153127
ABS-UF,Tropical_West_Block_2,IMP,ASP,7/6/2017,0.282,26575
ABS-UF,Tropical_West_Block_2,IMP,ASP,7/6/2017,-1.065,169524
ABS-UF,Tropical_West_Block_2,IMP,ASP,7/6/2017,-0.041,162805
ABS-UF,Tropical_West_Block_2,IMP,ASP,7/6/2017,0.438,168619
ABS-UF,Tropical_West_Block_2,IMP,ASP,7/6/2017,2.724,99018
ABS-UF,Tropical_West_Block_2,IMP,ASP,7/6/2017,-0.074,154789
ABS-UF,Tropical_West_Block_2,IMP,ASP,7/6/2017,0.163,108687
ABS-UF,Tropical_West_Block_2,IMP,ASP,7/6/2017,0.264,103426
ABS-UF,West_Marsh_Block_1,SN,ASP,7/6/2017,0.183,46111
ABS-UF,West_Marsh_Block_1,SN,ASP,7/6/2017,-0.156,133450
ABS-UF,West_Marsh_Block_1,SN,ASP,7/6/2017,-0.386,154191
ABS-UF,West_Marsh_Block_1,SN,ASP,7/6/2017,1.247,74391
ABS-UF,West_Marsh_Block_1,SN,ASP,7/6/2017,-0.451,84019
ABS-UF,West_Marsh_Block_1,SN,ASP,7/6/2017,-0.063,46266
ABS-UF,West_Marsh_Block_1,SN,ASP,7/6/2017,0.374,91895
ABS-UF,West_Marsh_Block_1,SN,ASP,7/6/2017,0.422,70236
ABS-UF,West_Marsh_Block_1,SN,ASP,7/6/2017,-0.262,78134
ABS-UF,Tropical_East_Block_1,IMP,BAU,7/6/2017,-0.013,133733
ABS-UF,Tropical_East_Block_1,IMP,BAU,7/6/2017,0.067,136041
ABS-UF,Tropical_East_Block_1,IMP,BAU,7/6/2017,-0.087,106381
ABS-UF,Tropical_West_Block_1,IMP,BAU,7/6/2017,0.182,194812
ABS-UF,Tropical_West_Block_1,IMP,BAU,7/6/2017,0.852,210901
ABS-UF,Tropical_West_Block_1,IMP,BAU,7/6/2017,0.621,82815
ABS-UF,Tropical_East_Block_2,IMP,ASP,7/6/2017,-0.747,107111
ABS-UF,Tropical_East_Block_2,IMP,ASP,7/6/2017,1.901,134965
ABS-UF,Tropical_East_Block_2,IMP,ASP,7/6/2017,0.163,121800
ABS-UF,Tropical_East_Block_2,IMP,ASP,7/6/2017,0.025,119809
ABS-UF,Tropical_East_Block_2,IMP,ASP,7/6/2017,-0.743,145821
ABS-UF,Tropical_East_Block_2,IMP,ASP,7/6/2017,0.997,105392
ABS-UF,Tropical_East_Block_2,IMP,ASP,7/6/2017,-0.387,399511
ABS-UF,Tropical_East_Block_2,IMP,ASP,7/6/2017,-0.608,65182
ABS-UF,Tropical_East_Block_2,IMP,ASP,7/6/2017,-0.712,101131
ABS-UF,Winter_3_Block,SN,ASP,8/7/2017,-0.483,149964
ABS-UF,Winter_3_Block,SN,ASP,8/7/2017,3.43,195671
ABS-UF,Winter_3_Block,SN,ASP,8/7/2017,0.668,251847
ABS-UF,Winter_3_Block,SN,ASP,8/7/2017,-0.179,116935
ABS-UF,Winter_3_Block,SN,ASP,8/7/2017,-2.086,151856
ABS-UF,Winter_3_Block,SN,ASP,8/7/2017,-0.361,84476
ABS-UF,Winter_3_Block,SN,ASP,8/7/2017,0.215,133487
ABS-UF,Winter_3_Block,SN,ASP,8/7/2017,0.858,83518
ABS-UF,Winter_3_Block,SN,ASP,8/7/2017,1.84,94805
ABS-UF,Winter_6_Block,SN,BAU,8/7/2017,-0.738,178431
ABS-UF,Winter_6_Block,SN,BAU,8/7/2017,NA,203191
ABS-UF,Winter_6_Block,SN,BAU,8/7/2017,0.199,174075
ABS-UF,East_Marsh_Block_2,SN,BAU,8/9/2017,0.157,198997
ABS-UF,East_Marsh_Block_2,SN,BAU,8/9/2017,0.332,184620
ABS-UF,East_Marsh_Block_2,SN,BAU,8/9/2017,0.832,107287
ABS-UF,Summer_6_Block,IMP,ASP,8/9/2017,1.927,202746
ABS-UF,Summer_6_Block,IMP,ASP,8/9/2017,-2.405,154168
ABS-UF,Summer_6_Block,IMP,ASP,8/9/2017,-2.767,91799
ABS-UF,Summer_6_Block,IMP,ASP,8/9/2017,-0.08,126294
ABS-UF,Summer_6_Block,IMP,ASP,8/9/2017,0.142,119235
ABS-UF,Summer_6_Block,IMP,ASP,8/9/2017,-0.02,138067
ABS-UF,Summer_6_Block,IMP,ASP,8/9/2017,-0.983,77682
ABS-UF,Summer_6_Block,IMP,ASP,8/9/2017,1.077,168807
ABS-UF,Summer_6_Block,IMP,ASP,8/9/2017,0.555,90679
ABS-UF,Summer_3_Block,IMP,BAU,8/9/2017,2.113,185516
ABS-UF,Summer_3_Block,IMP,BAU,8/9/2017,NA,NA
ABS-UF,Summer_3_Block,IMP,BAU,8/9/2017,-2.179,110444
ABS-UF,East_Marsh_Block_1,SN,ASP,8/9/2017,4.356,134960
ABS-UF,East_Marsh_Block_1,SN,ASP,8/9/2017,1.46,198665
ABS-UF,East_Marsh_Block_1,SN,ASP,8/9/2017,0.742,162836
ABS-UF,East_Marsh_Block_1,SN,ASP,8/9/2017,-1.251,172016
ABS-UF,East_Marsh_Block_1,SN,ASP,8/9/2017,0.781,204070
ABS-UF,East_Marsh_Block_1,SN,ASP,8/9/2017,0.144,18928
ABS-UF,East_Marsh_Block_1,SN,ASP,8/9/2017,-0.637,136810
ABS-UF,East_Marsh_Block_1,SN,ASP,8/9/2017,-0.483,215196
ABS-UF,East_Marsh_Block_1,SN,ASP,8/9/2017,-1.063,222261
ABS-UF,Griffin_Park_Block,IMP,BAU,8/7/2017,0.733,93925
ABS-UF,Griffin_Park_Block,IMP,BAU,8/7/2017,-0.541,94714
ABS-UF,Griffin_Park_Block,IMP,BAU,8/7/2017,0.913,132794
ABS-UF,Griffin_Park_Block,IMP,BAU,8/7/2017,-0.938,146490
ABS-UF,Griffin_Park_Block,IMP,BAU,8/7/2017,-0.173,169569
ABS-UF,Griffin_Park_Block,IMP,BAU,8/7/2017,3.087,168918
ABS-UF,Griffin_Park_Block,IMP,BAU,8/7/2017,0.965,221967
ABS-UF,Griffin_Park_Block,IMP,BAU,8/7/2017,1.207,178581
ABS-UF,Griffin_Park_Block,IMP,BAU,8/7/2017,0.164,247686
ABS-UF,Shop_Field_Block,IMP,BAU,8/7/2017,2.634,173334
ABS-UF,Shop_Field_Block,IMP,BAU,8/7/2017,-0.108,139778
ABS-UF,Shop_Field_Block,IMP,BAU,8/7/2017,-0.318,152750
ABS-UF,West_Marsh_Block_2,SN,BAU,8/8/2017,0.19,83257
ABS-UF,West_Marsh_Block_2,SN,BAU,8/8/2017,0.602,39563
ABS-UF,West_Marsh_Block_2,SN,BAU,8/8/2017,0.035,107914
ABS-UF,West_Marsh_Block_3,SN,ASP,8/9/2017,3.657,105329
ABS-UF,West_Marsh_Block_3,SN,ASP,8/9/2017,0.047,58985
ABS-UF,West_Marsh_Block_3,SN,ASP,8/9/2017,0.575,60560
ABS-UF,West_Marsh_Block_3,SN,ASP,8/9/2017,-0.67,80988
ABS-UF,West_Marsh_Block_3,SN,ASP,8/9/2017,0.422,70642
ABS-UF,West_Marsh_Block_3,SN,ASP,8/9/2017,0.297,63528
ABS-UF,West_Marsh_Block_3,SN,ASP,8/9/2017,0.269,61624
ABS-UF,West_Marsh_Block_3,SN,ASP,8/9/2017,0.295,85789
ABS-UF,West_Marsh_Block_3,SN,ASP,8/9/2017,0.233,168918
ABS-UF,West_Marsh_Block_4,SN,BAU,8/9/2017,-0.108,46377
ABS-UF,West_Marsh_Block_4,SN,BAU,8/9/2017,8.424,45054
ABS-UF,West_Marsh_Block_4,SN,BAU,8/9/2017,-0.038,77828
ABS-UF,Tropical_West_Block_2,IMP,ASP,8/8/2017,-0.052,202454
ABS-UF,Tropical_West_Block_2,IMP,ASP,8/8/2017,-0.221,181299
ABS-UF,Tropical_West_Block_2,IMP,ASP,8/8/2017,1.229,201937
ABS-UF,Tropical_West_Block_2,IMP,ASP,8/8/2017,1.65,114518
ABS-UF,Tropical_West_Block_2,IMP,ASP,8/8/2017,NA,NA
ABS-UF,Tropical_West_Block_2,IMP,ASP,8/8/2017,0.228,124103
ABS-UF,Tropical_West_Block_2,IMP,ASP,8/8/2017,0.782,90634
ABS-UF,Tropical_West_Block_2,IMP,ASP,8/8/2017,1.263,98252
ABS-UF,Tropical_West_Block_2,IMP,ASP,8/8/2017,1.498,93296
ABS-UF,West_Marsh_Block_1,SN,ASP,8/8/2017,1.67,50920
ABS-UF,West_Marsh_Block_1,SN,ASP,8/8/2017,-1.907,83169
ABS-UF,West_Marsh_Block_1,SN,ASP,8/8/2017,0.369,69672
ABS-UF,West_Marsh_Block_1,SN,ASP,8/8/2017,-0.361,27180
ABS-UF,West_Marsh_Block_1,SN,ASP,8/8/2017,-0.307,16161
ABS-UF,West_Marsh_Block_1,SN,ASP,8/8/2017,-0.863,37021
ABS-UF,West_Marsh_Block_1,SN,ASP,8/8/2017,1.17,25860
ABS-UF,West_Marsh_Block_1,SN,ASP,8/8/2017,1.758,20845
ABS-UF,West_Marsh_Block_1,SN,ASP,8/8/2017,0.23,13956
ABS-UF,Tropical_East_Block_1,IMP,BAU,8/8/2017,0.215,108041
ABS-UF,Tropical_East_Block_1,IMP,BAU,8/8/2017,0.559,95288
ABS-UF,Tropical_East_Block_1,IMP,BAU,8/8/2017,1.47,100607
ABS-UF,Tropical_West_Block_1,IMP,BAU,8/8/2017,NA,NA
ABS-UF,Tropical_West_Block_1,IMP,BAU,8/8/2017,3.423,126629
ABS-UF,Tropical_West_Block_1,IMP,BAU,8/8/2017,-0.403,200391
ABS-UF,Tropical_East_Block_2,IMP,ASP,8/8/2017,0.142,164681
ABS-UF,Tropical_East_Block_2,IMP,ASP,8/8/2017,1.356,202824
ABS-UF,Tropical_East_Block_2,IMP,ASP,8/8/2017,0.715,58069
ABS-UF,Tropical_East_Block_2,IMP,ASP,8/8/2017,0.195,40939
ABS-UF,Tropical_East_Block_2,IMP,ASP,8/8/2017,0.338,40435
ABS-UF,Tropical_East_Block_2,IMP,ASP,8/8/2017,-0.272,102966
ABS-UF,Tropical_East_Block_2,IMP,ASP,8/8/2017,0,136328
ABS-UF,Tropical_East_Block_2,IMP,ASP,8/8/2017,-0.909,104338
ABS-UF,Tropical_East_Block_2,IMP,ASP,8/8/2017,0.264,52004
ABS-UF,Winter_3_Block,SN,ASP,10/18/2017,0.02,139335
ABS-UF,Winter_3_Block,SN,ASP,10/18/2017,-0.766,48697
ABS-UF,Winter_3_Block,SN,ASP,10/18/2017,0.069,99250
ABS-UF,Winter_3_Block,SN,ASP,10/18/2017,-0.103,59325
ABS-UF,Winter_3_Block,SN,ASP,10/18/2017,-1.557,59694
ABS-UF,Winter_3_Block,SN,ASP,10/18/2017,0.208,23276
ABS-UF,Winter_3_Block,SN,ASP,10/18/2017,-1.995,47145
ABS-UF,Winter_3_Block,SN,ASP,10/18/2017,0.834,56088
ABS-UF,Winter_3_Block,SN,ASP,10/18/2017,-0.243,43313
ABS-UF,Winter_6_Block,SN,BAU,10/18/2017,-3.471,52259
ABS-UF,Winter_6_Block,SN,BAU,10/18/2017,0.62,60964
ABS-UF,Winter_6_Block,SN,BAU,10/18/2017,2.096,57769
ABS-UF,East_Marsh_Block_2,SN,BAU,10/20/2017,-0.6,104129
ABS-UF,East_Marsh_Block_2,SN,BAU,10/20/2017,0.574,98225
ABS-UF,East_Marsh_Block_2,SN,BAU,10/20/2017,-0.171,76648
ABS-UF,Summer_6_Block,IMP,ASP,10/20/2017,NA,NA
ABS-UF,Summer_6_Block,IMP,ASP,10/20/2017,NA,NA
ABS-UF,Summer_6_Block,IMP,ASP,10/20/2017,NA,NA
ABS-UF,Summer_6_Block,IMP,ASP,10/20/2017,NA,NA
ABS-UF,Summer_6_Block,IMP,ASP,10/20/2017,NA,NA
ABS-UF,Summer_6_Block,IMP,ASP,10/20/2017,NA,NA
ABS-UF,Summer_6_Block,IMP,ASP,10/20/2017,NA,NA
ABS-UF,Summer_6_Block,IMP,ASP,10/20/2017,NA,NA
ABS-UF,Summer_6_Block,IMP,ASP,10/20/2017,NA,NA
ABS-UF,Summer_3_Block,IMP,BAU,10/24/2017,1.269,74476
ABS-UF,Summer_3_Block,IMP,BAU,10/24/2017,2.582,87890
ABS-UF,Summer_3_Block,IMP,BAU,10/24/2017,1.094,140084
ABS-UF,East_Marsh_Block_1,SN,ASP,10/20/2017,-0.249,43274
ABS-UF,East_Marsh_Block_1,SN,ASP,10/20/2017,-0.15,50006
ABS-UF,East_Marsh_Block_1,SN,ASP,10/20/2017,-0.282,73102
ABS-UF,East_Marsh_Block_1,SN,ASP,10/20/2017,-0.164,79690
ABS-UF,East_Marsh_Block_1,SN,ASP,10/20/2017,0.492,80651
ABS-UF,East_Marsh_Block_1,SN,ASP,10/20/2017,-0.517,136279
ABS-UF,East_Marsh_Block_1,SN,ASP,10/20/2017,-0.564,50981
ABS-UF,East_Marsh_Block_1,SN,ASP,10/20/2017,-0.325,60996
ABS-UF,East_Marsh_Block_1,SN,ASP,10/20/2017,-1.99,71720
ABS-UF,Griffin_Park_Block,IMP,BAU,10/18/2017,-0.097,41525
ABS-UF,Griffin_Park_Block,IMP,BAU,10/18/2017,0.473,64617
ABS-UF,Griffin_Park_Block,IMP,BAU,10/18/2017,0.165,65631
ABS-UF,Griffin_Park_Block,IMP,BAU,10/18/2017,0.164,72906
ABS-UF,Griffin_Park_Block,IMP,BAU,10/18/2017,0.205,54813
ABS-UF,Griffin_Park_Block,IMP,BAU,10/18/2017,-0.19,48147
ABS-UF,Griffin_Park_Block,IMP,BAU,10/18/2017,0.089,54778
ABS-UF,Griffin_Park_Block,IMP,BAU,10/18/2017,0.412,68598
ABS-UF,Griffin_Park_Block,IMP,BAU,10/18/2017,1.188,58874
ABS-UF,Shop_Field_Block,IMP,BAU,10/18/2017,-0.104,80449
ABS-UF,Shop_Field_Block,IMP,BAU,10/18/2017,-0.348,38533
ABS-UF,Shop_Field_Block,IMP,BAU,10/18/2017,1.895,105360
ABS-UF,West_Marsh_Block_2,SN,BAU,10/19/2017,NA,NA
ABS-UF,West_Marsh_Block_2,SN,BAU,10/19/2017,-0.842,27142
ABS-UF,West_Marsh_Block_2,SN,BAU,10/19/2017,-1.049,37484
ABS-UF,West_Marsh_Block_3,SN,ASP,10/20/2017,1.322,58784
ABS-UF,West_Marsh_Block_3,SN,ASP,10/20/2017,0.388,49209
ABS-UF,West_Marsh_Block_3,SN,ASP,10/20/2017,0.869,31450
ABS-UF,West_Marsh_Block_3,SN,ASP,10/20/2017,0.335,49454
ABS-UF,West_Marsh_Block_3,SN,ASP,10/20/2017,0.286,29800
ABS-UF,West_Marsh_Block_3,SN,ASP,10/20/2017,0.053,48803
ABS-UF,West_Marsh_Block_3,SN,ASP,10/20/2017,-0.99,23607
ABS-UF,West_Marsh_Block_3,SN,ASP,10/20/2017,-0.121,35925
ABS-UF,West_Marsh_Block_3,SN,ASP,10/20/2017,6.106,56424
ABS-UF,West_Marsh_Block_4,SN,BAU,10/20/2017,1.025,80220
ABS-UF,West_Marsh_Block_4,SN,BAU,10/20/2017,0.367,71978
ABS-UF,West_Marsh_Block_4,SN,BAU,10/20/2017,-0.197,76023
ABS-UF,Tropical_West_Block_2,IMP,ASP,10/19/2017,-0.768,77518
ABS-UF,Tropical_West_Block_2,IMP,ASP,10/19/2017,0.184,61917
ABS-UF,Tropical_West_Block_2,IMP,ASP,10/19/2017,-0.366,68800
ABS-UF,Tropical_West_Block_2,IMP,ASP,10/19/2017,-0.055,97326
ABS-UF,Tropical_West_Block_2,IMP,ASP,10/19/2017,-0.817,97326
ABS-UF,Tropical_West_Block_2,IMP,ASP,10/19/2017,0.325,104967
ABS-UF,Tropical_West_Block_2,IMP,ASP,10/19/2017,-1.599,64994
ABS-UF,Tropical_West_Block_2,IMP,ASP,10/19/2017,0.719,72265
ABS-UF,Tropical_West_Block_2,IMP,ASP,10/19/2017,-0.369,47408
ABS-UF,West_Marsh_Block_1,SN,ASP,10/19/2017,-2.142,40095
ABS-UF,West_Marsh_Block_1,SN,ASP,10/19/2017,-0.268,59893
ABS-UF,West_Marsh_Block_1,SN,ASP,10/19/2017,-0.023,53723
ABS-UF,West_Marsh_Block_1,SN,ASP,10/19/2017,-1.491,52754
ABS-UF,West_Marsh_Block_1,SN,ASP,10/19/2017,-0.266,53791
ABS-UF,West_Marsh_Block_1,SN,ASP,10/19/2017,-0.422,56711
ABS-UF,West_Marsh_Block_1,SN,ASP,10/19/2017,-0.832,31624
ABS-UF,West_Marsh_Block_1,SN,ASP,10/19/2017,-0.701,34003
ABS-UF,West_Marsh_Block_1,SN,ASP,10/19/2017,0.711,27290
ABS-UF,Tropical_East_Block_1,IMP,BAU,10/19/2017,-1.106,73976
ABS-UF,Tropical_East_Block_1,IMP,BAU,10/19/2017,-0.486,69560
ABS-UF,Tropical_East_Block_1,IMP,BAU,10/19/2017,-0.893,83034
ABS-UF,Tropical_West_Block_1,IMP,BAU,10/19/2017,0.131,137961
ABS-UF,Tropical_West_Block_1,IMP,BAU,10/19/2017,3.867,155825
ABS-UF,Tropical_West_Block_1,IMP,BAU,10/19/2017,1.07,110324
ABS-UF,Tropical_East_Block_2,IMP,ASP,10/19/2017,-1.974,41554
ABS-UF,Tropical_East_Block_2,IMP,ASP,10/19/2017,-5.6,29729
ABS-UF,Tropical_East_Block_2,IMP,ASP,10/19/2017,NA,NA
ABS-UF,Tropical_East_Block_2,IMP,ASP,10/19/2017,-0.355,93064
ABS-UF,Tropical_East_Block_2,IMP,ASP,10/19/2017,-2.692,123023
ABS-UF,Tropical_East_Block_2,IMP,ASP,10/19/2017,1.185,90027
ABS-UF,Tropical_East_Block_2,IMP,ASP,10/19/2017,0.293,77734
ABS-UF,Tropical_East_Block_2,IMP,ASP,10/19/2017,-1.666,36315
ABS-UF,Tropical_East_Block_2,IMP,ASP,10/19/2017,2.282,40337
ABS-UF,Winter_3_Block,SN,ASP,11/6/2017,-0.736,103879
ABS-UF,Winter_3_Block,SN,ASP,11/6/2017,-0.101,76402
ABS-UF,Winter_3_Block,SN,ASP,11/6/2017,-0.813,162066
ABS-UF,Winter_3_Block,SN,ASP,11/6/2017,-0.154,68152
ABS-UF,Winter_3_Block,SN,ASP,11/6/2017,-0.523,89255
ABS-UF,Winter_3_Block,SN,ASP,11/6/2017,0.421,51158
ABS-UF,Winter_3_Block,SN,ASP,11/6/2017,NA,103905
ABS-UF,Winter_3_Block,SN,ASP,11/6/2017,-0.277,51814
ABS-UF,Winter_3_Block,SN,ASP,11/6/2017,0.483,60618
ABS-UF,Winter_6_Block,SN,BAU,11/6/2017,0.3,61764
ABS-UF,Winter_6_Block,SN,BAU,11/6/2017,2.028,69093
ABS-UF,Winter_6_Block,SN,BAU,11/6/2017,2.268,105539
ABS-UF,East_Marsh_Block_2,SN,BAU,11/7/2017,-0.439,81300
ABS-UF,East_Marsh_Block_2,SN,BAU,11/7/2017,-0.864,76846
ABS-UF,East_Marsh_Block_2,SN,BAU,11/7/2017,NA,NA
ABS-UF,Summer_6_Block,IMP,ASP,11/10/2017,NA,NA
ABS-UF,Summer_6_Block,IMP,ASP,11/10/2017,NA,NA
ABS-UF,Summer_6_Block,IMP,ASP,11/10/2017,NA,NA
ABS-UF,Summer_6_Block,IMP,ASP,11/10/2017,NA,NA
ABS-UF,Summer_6_Block,IMP,ASP,11/10/2017,0.699,64497
ABS-UF,Summer_6_Block,IMP,ASP,11/10/2017,-0.184,36383
ABS-UF,Summer_6_Block,IMP,ASP,11/10/2017,NA,NA
ABS-UF,Summer_6_Block,IMP,ASP,11/10/2017,-0.561,65277
ABS-UF,Summer_6_Block,IMP,ASP,11/10/2017,-1.298,78458
ABS-UF,Summer_3_Block,IMP,BAU,11/7/2017,NA,NA
ABS-UF,Summer_3_Block,IMP,BAU,11/7/2017,-0.039,62858
ABS-UF,Summer_3_Block,IMP,BAU,11/7/2017,-0.922,145618
ABS-UF,East_Marsh_Block_1,SN,ASP,11/7/2017,2.02,26548
ABS-UF,East_Marsh_Block_1,SN,ASP,11/7/2017,0.144,23739
ABS-UF,East_Marsh_Block_1,SN,ASP,11/7/2017,-0.291,42527
ABS-UF,East_Marsh_Block_1,SN,ASP,11/7/2017,-0.037,44941
ABS-UF,East_Marsh_Block_1,SN,ASP,11/7/2017,-0.003,66517
ABS-UF,East_Marsh_Block_1,SN,ASP,11/7/2017,-0.023,50742
ABS-UF,East_Marsh_Block_1,SN,ASP,11/7/2017,-0.597,43149
ABS-UF,East_Marsh_Block_1,SN,ASP,11/7/2017,-0.398,43409
ABS-UF,East_Marsh_Block_1,SN,ASP,11/7/2017,3.643,63100
ABS-UF,Griffin_Park_Block,IMP,BAU,11/6/2017,-0.353,43187
ABS-UF,Griffin_Park_Block,IMP,BAU,11/6/2017,-1.444,21634
ABS-UF,Griffin_Park_Block,IMP,BAU,11/6/2017,-0.895,57140
ABS-UF,Griffin_Park_Block,IMP,BAU,11/6/2017,-0.213,40326
ABS-UF,Griffin_Park_Block,IMP,BAU,11/6/2017,0.682,39971
ABS-UF,Griffin_Park_Block,IMP,BAU,11/6/2017,-0.008,24014
ABS-UF,Griffin_Park_Block,IMP,BAU,11/6/2017,-1.194,55847
ABS-UF,Griffin_Park_Block,IMP,BAU,11/6/2017,1.091,59090
ABS-UF,Griffin_Park_Block,IMP,BAU,11/6/2017,2.463,24077
ABS-UF,Shop_Field_Block,IMP,BAU,11/6/2017,-0.736,35879
ABS-UF,Shop_Field_Block,IMP,BAU,11/6/2017,3.778,28614
ABS-UF,Shop_Field_Block,IMP,BAU,11/6/2017,1.525,36937
ABS-UF,West_Marsh_Block_2,SN,BAU,11/10/2017,-1.404,16446
ABS-UF,West_Marsh_Block_2,SN,BAU,11/10/2017,0.082,24512
ABS-UF,West_Marsh_Block_2,SN,BAU,11/10/2017,NA,NA
ABS-UF,West_Marsh_Block_3,SN,ASP,11/7/2017,6.582,62295
ABS-UF,West_Marsh_Block_3,SN,ASP,11/7/2017,-0.977,41267
ABS-UF,West_Marsh_Block_3,SN,ASP,11/7/2017,0.219,34935
ABS-UF,West_Marsh_Block_3,SN,ASP,11/7/2017,NA,NA
ABS-UF,West_Marsh_Block_3,SN,ASP,11/7/2017,0.146,34967
ABS-UF,West_Marsh_Block_3,SN,ASP,11/7/2017,-0.323,44236
ABS-UF,West_Marsh_Block_3,SN,ASP,11/7/2017,-0.664,39356
ABS-UF,West_Marsh_Block_3,SN,ASP,11/7/2017,-0.411,52040
ABS-UF,West_Marsh_Block_3,SN,ASP,11/7/2017,-0.241,46462
ABS-UF,West_Marsh_Block_4,SN,BAU,11/7/2017,0.98,84229
ABS-UF,West_Marsh_Block_4,SN,BAU,11/7/2017,0.531,75368
ABS-UF,West_Marsh_Block_4,SN,BAU,11/7/2017,0.041,68479
ABS-UF,Tropical_West_Block_2,IMP,ASP,11/9/2017,-0.798,69418
ABS-UF,Tropical_West_Block_2,IMP,ASP,11/9/2017,2.391,30555
ABS-UF,Tropical_West_Block_2,IMP,ASP,11/9/2017,-0.686,63841
ABS-UF,Tropical_West_Block_2,IMP,ASP,11/9/2017,0.694,135370
ABS-UF,Tropical_West_Block_2,IMP,ASP,11/9/2017,0.313,135370
ABS-UF,Tropical_West_Block_2,IMP,ASP,11/9/2017,-0.069,73874
ABS-UF,Tropical_West_Block_2,IMP,ASP,11/9/2017,0.534,65218
ABS-UF,Tropical_West_Block_2,IMP,ASP,11/9/2017,0.089,74022
ABS-UF,Tropical_West_Block_2,IMP,ASP,11/9/2017,1.603,65081
ABS-UF,West_Marsh_Block_1,SN,ASP,11/10/2017,0.119,44787
ABS-UF,West_Marsh_Block_1,SN,ASP,11/10/2017,0.053,49917
ABS-UF,West_Marsh_Block_1,SN,ASP,11/10/2017,-0.492,32872
ABS-UF,West_Marsh_Block_1,SN,ASP,11/10/2017,-0.486,36201
ABS-UF,West_Marsh_Block_1,SN,ASP,11/10/2017,-1.881,38281
ABS-UF,West_Marsh_Block_1,SN,ASP,11/10/2017,-0.081,37873
ABS-UF,West_Marsh_Block_1,SN,ASP,11/10/2017,-1.319,29679
ABS-UF,West_Marsh_Block_1,SN,ASP,11/10/2017,0.507,35251
ABS-UF,West_Marsh_Block_1,SN,ASP,11/10/2017,0.245,28549
ABS-UF,Tropical_East_Block_1,IMP,BAU,11/9/2017,0,58833
ABS-UF,Tropical_East_Block_1,IMP,BAU,11/9/2017,-0.307,52365
ABS-UF,Tropical_East_Block_1,IMP,BAU,11/9/2017,0.797,48673
ABS-UF,Tropical_West_Block_1,IMP,BAU,11/9/2017,-0.546,105914
ABS-UF,Tropical_West_Block_1,IMP,BAU,11/9/2017,-0.225,83744
ABS-UF,Tropical_West_Block_1,IMP,BAU,11/9/2017,NA,NA
ABS-UF,Tropical_East_Block_2,IMP,ASP,11/9/2017,0.084,33945
ABS-UF,Tropical_East_Block_2,IMP,ASP,11/9/2017,-1.9,81206
ABS-UF,Tropical_East_Block_2,IMP,ASP,11/9/2017,-2.557,43642
ABS-UF,Tropical_East_Block_2,IMP,ASP,11/9/2017,NA,NA
ABS-UF,Tropical_East_Block_2,IMP,ASP,11/9/2017,-0.207,68249
ABS-UF,Tropical_East_Block_2,IMP,ASP,11/9/2017,-0.214,77456
ABS-UF,Tropical_East_Block_2,IMP,ASP,11/9/2017,-0.105,62965
ABS-UF,Tropical_East_Block_2,IMP,ASP,11/9/2017,-0.16,35625
ABS-UF,Tropical_East_Block_2,IMP,ASP,11/9/2017,-0.064,37313
ABS-UF,Winter_3_Block,SN,ASP,12/6/2017,-0.814,40086
ABS-UF,Winter_3_Block,SN,ASP,12/6/2017,0.948,44768
ABS-UF,Winter_3_Block,SN,ASP,12/6/2017,0.254,70149
ABS-UF,Winter_3_Block,SN,ASP,12/6/2017,0.299,38644
ABS-UF,Winter_3_Block,SN,ASP,12/6/2017,-1.254,41458
ABS-UF,Winter_3_Block,SN,ASP,12/6/2017,0.975,21907
ABS-UF,Winter_3_Block,SN,ASP,12/6/2017,1.461,25746
ABS-UF,Winter_3_Block,SN,ASP,12/6/2017,0.083,23684
ABS-UF,Winter_3_Block,SN,ASP,12/6/2017,-0.268,31047
ABS-UF,Winter_6_Block,SN,BAU,12/6/2017,NA,NA
ABS-UF,Winter_6_Block,SN,BAU,12/6/2017,-0.219,39308
ABS-UF,Winter_6_Block,SN,BAU,12/6/2017,-0.212,35378
ABS-UF,East_Marsh_Block_2,SN,BAU,12/8/2017,0.575,63850
ABS-UF,East_Marsh_Block_2,SN,BAU,12/8/2017,0.772,NA
ABS-UF,East_Marsh_Block_2,SN,BAU,12/8/2017,-0.115,44521
ABS-UF,Summer_6_Block,IMP,ASP,12/7/2017,2.039,58048
ABS-UF,Summer_6_Block,IMP,ASP,12/7/2017,-0.208,56353
ABS-UF,Summer_6_Block,IMP,ASP,12/7/2017,-0.276,58959
ABS-UF,Summer_6_Block,IMP,ASP,12/7/2017,0.121,44223
ABS-UF,Summer_6_Block,IMP,ASP,12/7/2017,-0.054,59290
ABS-UF,Summer_6_Block,IMP,ASP,12/7/2017,0.001,27356
ABS-UF,Summer_6_Block,IMP,ASP,12/7/2017,0.162,49672
ABS-UF,Summer_6_Block,IMP,ASP,12/7/2017,0.095,37922
ABS-UF,Summer_6_Block,IMP,ASP,12/7/2017,1.299,44194
ABS-UF,Summer_3_Block,IMP,BAU,12/7/2017,1.451,105246
ABS-UF,Summer_3_Block,IMP,BAU,12/7/2017,NA,NA
ABS-UF,East_Marsh_Block_1,SN,ASP,12/8/2017,-0.365,40931
ABS-UF,East_Marsh_Block_1,SN,ASP,12/8/2017,1.246,43828
ABS-UF,East_Marsh_Block_1,SN,ASP,12/8/2017,-0.524,58336
ABS-UF,East_Marsh_Block_1,SN,ASP,12/8/2017,-0.618,39606
ABS-UF,East_Marsh_Block_1,SN,ASP,12/8/2017,2.204,56230
ABS-UF,East_Marsh_Block_1,SN,ASP,12/8/2017,1.457,66680
ABS-UF,East_Marsh_Block_1,SN,ASP,12/8/2017,-1.263,37709
ABS-UF,East_Marsh_Block_1,SN,ASP,12/8/2017,-0.33,35690
ABS-UF,East_Marsh_Block_1,SN,ASP,12/8/2017,NA,NA
ABS-UF,Griffin_Park_Block,IMP,BAU,12/6/2017,-0.404,72596
ABS-UF,Griffin_Park_Block,IMP,BAU,12/6/2017,0.108,55406
ABS-UF,Griffin_Park_Block,IMP,BAU,12/6/2017,0.628,96443
ABS-UF,Griffin_Park_Block,IMP,BAU,12/6/2017,-0.788,60302
ABS-UF,Griffin_Park_Block,IMP,BAU,12/6/2017,-0.374,63324
ABS-UF,Griffin_Park_Block,IMP,BAU,12/6/2017,-1.108,44507
ABS-UF,Griffin_Park_Block,IMP,BAU,12/6/2017,0.224,58893
ABS-UF,Griffin_Park_Block,IMP,BAU,12/6/2017,0.619,72801
ABS-UF,Griffin_Park_Block,IMP,BAU,12/6/2017,0.873,67532
ABS-UF,Shop_Field_Block,IMP,BAU,12/6/2017,0.161,73079
ABS-UF,Shop_Field_Block,IMP,BAU,12/6/2017,0.805,57934
ABS-UF,Shop_Field_Block,IMP,BAU,12/6/2017,1.29,58309
ABS-UF,West_Marsh_Block_2,SN,BAU,12/5/2017,NA,54372
ABS-UF,West_Marsh_Block_2,SN,BAU,12/5/2017,0.381,27126
ABS-UF,West_Marsh_Block_2,SN,BAU,12/5/2017,-0.618,33266
ABS-UF,West_Marsh_Block_3,SN,ASP,12/7/2017,-0.112,46884
ABS-UF,West_Marsh_Block_3,SN,ASP,12/7/2017,4.154,35488
ABS-UF,West_Marsh_Block_3,SN,ASP,12/7/2017,0.028,34935
ABS-UF,West_Marsh_Block_3,SN,ASP,12/7/2017,-0.875,27786
ABS-UF,West_Marsh_Block_3,SN,ASP,12/7/2017,-0.009,29582
ABS-UF,West_Marsh_Block_3,SN,ASP,12/7/2017,-0.009,29582
ABS-UF,West_Marsh_Block_3,SN,ASP,12/7/2017,-0.327,45273
ABS-UF,West_Marsh_Block_3,SN,ASP,12/7/2017,-0.074,40514
ABS-UF,West_Marsh_Block_3,SN,ASP,12/7/2017,0.132,47541
ABS-UF,West_Marsh_Block_3,SN,ASP,12/7/2017,-0.321,46387
ABS-UF,West_Marsh_Block_4,SN,BAU,12/7/2017,0.786,84169
ABS-UF,West_Marsh_Block_4,SN,BAU,12/7/2017,0.471,69159
ABS-UF,West_Marsh_Block_4,SN,BAU,12/7/2017,0.047,55958
ABS-UF,Tropical_West_Block_2,IMP,ASP,12/5/2017,1.389,46669
ABS-UF,Tropical_West_Block_2,IMP,ASP,12/5/2017,0.894,49228
ABS-UF,Tropical_West_Block_2,IMP,ASP,12/5/2017,-0.305,58370
ABS-UF,Tropical_West_Block_2,IMP,ASP,12/5/2017,-0.291,114333
ABS-UF,Tropical_West_Block_2,IMP,ASP,12/5/2017,2.386,67490
ABS-UF,Tropical_West_Block_2,IMP,ASP,12/5/2017,-0.407,61193
ABS-UF,Tropical_West_Block_2,IMP,ASP,12/5/2017,1.074,59246
ABS-UF,Tropical_West_Block_2,IMP,ASP,12/5/2017,0.695,48246
ABS-UF,Tropical_West_Block_2,IMP,ASP,12/5/2017,0.266,53598
ABS-UF,Tropical_West_Block_2,IMP,ASP,12/5/2017,0.266,53598
ABS-UF,West_Marsh_Block_1,SN,ASP,12/5/2017,0.165,40632
ABS-UF,West_Marsh_Block_1,SN,ASP,12/5/2017,0.664,44412
ABS-UF,West_Marsh_Block_1,SN,ASP,12/5/2017,-0.236,44405
ABS-UF,West_Marsh_Block_1,SN,ASP,12/5/2017,-0.111,36299
ABS-UF,West_Marsh_Block_1,SN,ASP,12/5/2017,0.76,42364
ABS-UF,West_Marsh_Block_1,SN,ASP,12/5/2017,-0.571,41379
ABS-UF,West_Marsh_Block_1,SN,ASP,12/5/2017,0.442,49215
ABS-UF,West_Marsh_Block_1,SN,ASP,12/5/2017,0.042,27101
ABS-UF,Tropical_East_Block_1,IMP,BAU,12/5/2017,-0.245,51859
ABS-UF,Tropical_East_Block_1,IMP,BAU,12/5/2017,-0.223,49235
ABS-UF,Tropical_East_Block_1,IMP,BAU,12/5/2017,-0.021,58592
ABS-UF,Tropical_West_Block_1,IMP,BAU,12/5/2017,0.374,66288
ABS-UF,Tropical_West_Block_1,IMP,BAU,12/5/2017,-0.155,61548
ABS-UF,Tropical_West_Block_1,IMP,BAU,12/5/2017,-1.639,64112
ABS-UF,Tropical_East_Block_2,IMP,ASP,12/5/2017,-0.121,43637
ABS-UF,Tropical_East_Block_2,IMP,ASP,12/5/2017,0.043,48361
ABS-UF,Tropical_East_Block_2,IMP,ASP,12/5/2017,-0.452,59000
ABS-UF,Tropical_East_Block_2,IMP,ASP,12/5/2017,-0.02,35160
ABS-UF,Tropical_East_Block_2,IMP,ASP,12/5/2017,0.427,41875
ABS-UF,Tropical_East_Block_2,IMP,ASP,12/5/2017,-0.657,48017
ABS-UF,Tropical_East_Block_2,IMP,ASP,12/5/2017,0.153,56817
ABS-UF,Tropical_East_Block_2,IMP,ASP,12/5/2017,-0.546,33957
ABS-UF,Tropical_East_Block_2,IMP,ASP,12/5/2017,-0.981,49057
ABS-UF,Winter_3_Block,SN,ASP,1/9/2017,0.361,83700
ABS-UF,Winter_3_Block,SN,ASP,1/9/2017,0.611,47168
ABS-UF,Winter_3_Block,SN,ASP,1/9/2017,-0.21,71997
ABS-UF,Winter_3_Block,SN,ASP,1/9/2017,0.015,35890
ABS-UF,Winter_3_Block,SN,ASP,1/9/2017,-0.432,48122
ABS-UF,Winter_3_Block,SN,ASP,1/9/2017,-0.043,42905
ABS-UF,Winter_3_Block,SN,ASP,1/9/2017,0.492,38398
ABS-UF,Winter_3_Block,SN,ASP,1/9/2017,0.163,44365
ABS-UF,Winter_3_Block,SN,ASP,1/9/2017,1.433,36835
ABS-UF,Winter_6_Block,SN,BAU,1/11/2017,-0.069,56982
ABS-UF,Winter_6_Block,SN,BAU,1/11/2017,-0.186,50692
ABS-UF,Winter_6_Block,SN,BAU,1/11/2017,0.413,33654
ABS-UF,East_Marsh_Block_2,SN,BAU,1/11/2017,-0.201,59136
ABS-UF,East_Marsh_Block_2,SN,BAU,1/11/2017,0.597,64449
ABS-UF,East_Marsh_Block_2,SN,BAU,1/11/2017,-0.032,55001
ABS-UF,Summer_6_Block,IMP,ASP,1/11/2017,-1.258,123903
ABS-UF,Summer_6_Block,IMP,ASP,1/11/2017,1.636,66753
ABS-UF,Summer_6_Block,IMP,ASP,1/11/2017,-0.513,64121
ABS-UF,Summer_6_Block,IMP,ASP,1/11/2017,-0.553,32971
ABS-UF,Summer_6_Block,IMP,ASP,1/11/2017,-0.24,53136
ABS-UF,Summer_6_Block,IMP,ASP,1/11/2017,0.677,44269
ABS-UF,Summer_6_Block,IMP,ASP,1/11/2017,-0.101,12873
ABS-UF,Summer_6_Block,IMP,ASP,1/11/2017,NA,53171
ABS-UF,Summer_6_Block,IMP,ASP,1/11/2017,1.056,35771
ABS-UF,Summer_3_Block,IMP,BAU,1/11/2017,0.622,80761
ABS-UF,Summer_3_Block,IMP,BAU,1/11/2017,-0.163,9897
ABS-UF,Summer_3_Block,IMP,BAU,1/11/2017,0.699,78787
ABS-UF,East_Marsh_Block_1,SN,ASP,1/11/2017,0.738,55562
ABS-UF,East_Marsh_Block_1,SN,ASP,1/11/2017,1.059,58087
ABS-UF,East_Marsh_Block_1,SN,ASP,1/11/2017,0.661,45253
ABS-UF,East_Marsh_Block_1,SN,ASP,1/11/2017,-0.647,51296
ABS-UF,East_Marsh_Block_1,SN,ASP,1/11/2017,0.426,32990
ABS-UF,East_Marsh_Block_1,SN,ASP,1/11/2017,-0.03,47017
ABS-UF,East_Marsh_Block_1,SN,ASP,1/11/2017,-0.056,52352
ABS-UF,East_Marsh_Block_1,SN,ASP,1/11/2017,-0.586,48751
ABS-UF,East_Marsh_Block_1,SN,ASP,1/11/2017,0.828,57620
ABS-UF,Griffin_Park_Block,IMP,BAU,1/9/2017,0.121,67658
ABS-UF,Griffin_Park_Block,IMP,BAU,1/9/2017,0.608,55507
ABS-UF,Griffin_Park_Block,IMP,BAU,1/9/2017,0.836,77598
ABS-UF,Griffin_Park_Block,IMP,BAU,1/9/2017,0.438,64616
ABS-UF,Griffin_Park_Block,IMP,BAU,1/9/2017,-0.861,54128
ABS-UF,Griffin_Park_Block,IMP,BAU,1/9/2017,0.09,26972
ABS-UF,Griffin_Park_Block,IMP,BAU,1/9/2017,-1.028,36419
ABS-UF,Griffin_Park_Block,IMP,BAU,1/9/2017,-0.477,78155
ABS-UF,Griffin_Park_Block,IMP,BAU,1/9/2017,1.097,70889
ABS-UF,Shop_Field_Block,IMP,BAU,1/9/2017,-0.121,64580
ABS-UF,Shop_Field_Block,IMP,BAU,1/9/2017,-0.34,44727
ABS-UF,Shop_Field_Block,IMP,BAU,1/9/2017,-0.147,53861
ABS-UF,West_Marsh_Block_2,SN,BAU,1/10/2017,-0.349,23298
ABS-UF,West_Marsh_Block_2,SN,BAU,1/10/2017,-0.225,30097
ABS-UF,West_Marsh_Block_2,SN,BAU,1/10/2017,0.68,36602
ABS-UF,West_Marsh_Block_3,SN,ASP,1/11/2017,-0.272,43227
ABS-UF,West_Marsh_Block_3,SN,ASP,1/11/2017,-0.707,60855
ABS-UF,West_Marsh_Block_3,SN,ASP,1/11/2017,NA,NA
ABS-UF,West_Marsh_Block_3,SN,ASP,1/11/2017,-0.086,42081
ABS-UF,West_Marsh_Block_3,SN,ASP,1/11/2017,0.018,20983
ABS-UF,West_Marsh_Block_3,SN,ASP,1/11/2017,0.023,52464
ABS-UF,West_Marsh_Block_3,SN,ASP,1/11/2017,0.614,29351
ABS-UF,West_Marsh_Block_3,SN,ASP,1/11/2017,-0.667,31780
ABS-UF,West_Marsh_Block_3,SN,ASP,1/11/2017,-0.625,37709
ABS-UF,West_Marsh_Block_4,SN,BAU,1/11/2017,0.023,32412
ABS-UF,West_Marsh_Block_4,SN,BAU,1/11/2017,5.233,50832
ABS-UF,West_Marsh_Block_4,SN,BAU,1/11/2017,1.04,45562
ABS-UF,Tropical_West_Block_2,IMP,ASP,1/10/2017,1.816,NA
ABS-UF,Tropical_West_Block_2,IMP,ASP,1/10/2017,-0.329,46198
ABS-UF,Tropical_West_Block_2,IMP,ASP,1/10/2017,0.228,32516
ABS-UF,Tropical_West_Block_2,IMP,ASP,1/10/2017,0.674,58291
ABS-UF,Tropical_West_Block_2,IMP,ASP,1/10/2017,-0.036,39112
ABS-UF,Tropical_West_Block_2,IMP,ASP,1/10/2017,0.324,43832
ABS-UF,Tropical_West_Block_2,IMP,ASP,1/10/2017,0.517,51954
ABS-UF,Tropical_West_Block_2,IMP,ASP,1/10/2017,0.056,40486
ABS-UF,Tropical_West_Block_2,IMP,ASP,1/10/2017,-0.159,39737
ABS-UF,West_Marsh_Block_1,SN,ASP,1/10/2017,-0.07,26145
ABS-UF,West_Marsh_Block_1,SN,ASP,1/10/2017,0.839,38624
ABS-UF,West_Marsh_Block_1,SN,ASP,1/10/2017,-0.78,31865
ABS-UF,West_Marsh_Block_1,SN,ASP,1/10/2017,0.296,23887
ABS-UF,West_Marsh_Block_1,SN,ASP,1/10/2017,0.327,21558
ABS-UF,West_Marsh_Block_1,SN,ASP,1/10/2017,-0.665,32440
ABS-UF,West_Marsh_Block_1,SN,ASP,1/10/2017,0.051,33826
ABS-UF,West_Marsh_Block_1,SN,ASP,1/10/2017,0.282,26676
ABS-UF,West_Marsh_Block_1,SN,ASP,1/10/2017,0.056,18773
ABS-UF,Tropical_East_Block_1,IMP,BAU,1/10/2017,-2.116,33990
ABS-UF,Tropical_East_Block_1,IMP,BAU,1/10/2017,0.864,35477
ABS-UF,Tropical_East_Block_1,IMP,BAU,1/10/2017,-0.301,33722
ABS-UF,Tropical_West_Block_1,IMP,BAU,1/10/2017,0.019,27953
ABS-UF,Tropical_West_Block_1,IMP,BAU,1/10/2017,-0.201,46271
ABS-UF,Tropical_West_Block_1,IMP,BAU,1/10/2017,-0.707,44464
ABS-UF,Tropical_East_Block_2,IMP,ASP,1/10/2017,-0.282,34463
ABS-UF,Tropical_East_Block_2,IMP,ASP,1/10/2017,0.072,27465
ABS-UF,Tropical_East_Block_2,IMP,ASP,1/10/2017,-0.139,33346
ABS-UF,Tropical_East_Block_2,IMP,ASP,1/10/2017,-1.196,31253
ABS-UF,Tropical_East_Block_2,IMP,ASP,1/10/2017,0.034,38477
ABS-UF,Tropical_East_Block_2,IMP,ASP,1/10/2017,-0.271,44271
ABS-UF,Tropical_East_Block_2,IMP,ASP,1/10/2017,-0.863,36217
ABS-UF,Tropical_East_Block_2,IMP,ASP,1/10/2017,0.919,25173
ABS-UF,Tropical_East_Block_2,IMP,ASP,1/10/2017,-0.414,41219
ABS-UF,Winter_3_Block,SN,ASP,2/19/2018,0.077,104995
ABS-UF,Winter_3_Block,SN,ASP,2/19/2018,-0.069,75809
ABS-UF,Winter_3_Block,SN,ASP,2/19/2018,-1.399,94140
ABS-UF,Winter_3_Block,SN,ASP,2/19/2018,0.625,71395
ABS-UF,Winter_3_Block,SN,ASP,2/19/2018,0.004,86075
ABS-UF,Winter_3_Block,SN,ASP,2/19/2018,-0.068,57824
ABS-UF,Winter_3_Block,SN,ASP,2/19/2018,-0.753,54739
ABS-UF,Winter_3_Block,SN,ASP,2/19/2018,1.44,39891
ABS-UF,Winter_3_Block,SN,ASP,2/19/2018,-0.1,30261
ABS-UF,Winter_6_Block,SN,BAU,2/19/2018,0.323,50013
ABS-UF,Winter_6_Block,SN,BAU,2/19/2018,-0.052,58170
ABS-UF,Winter_6_Block,SN,BAU,2/19/2018,-0.562,41691
ABS-UF,East_Marsh_Block_2,SN,BAU,2/21/2018,0.668,64453
ABS-UF,East_Marsh_Block_2,SN,BAU,2/21/2018,-0.585,74738
ABS-UF,East_Marsh_Block_2,SN,BAU,2/21/2018,-0.695,71051
ABS-UF,Summer_6_Block,IMP,ASP,2/21/2018,1.24,72509
ABS-UF,Summer_6_Block,IMP,ASP,2/21/2018,-0.653,92115
ABS-UF,Summer_6_Block,IMP,ASP,2/21/2018,-2.351,26407
ABS-UF,Summer_6_Block,IMP,ASP,2/21/2018,-0.201,56800
ABS-UF,Summer_6_Block,IMP,ASP,2/21/2018,0.333,49593
ABS-UF,Summer_6_Block,IMP,ASP,2/21/2018,-0.393,53119
ABS-UF,Summer_6_Block,IMP,ASP,2/21/2018,NA,25113
ABS-UF,Summer_6_Block,IMP,ASP,2/21/2018,0.007,46375
ABS-UF,Summer_6_Block,IMP,ASP,2/21/2018,-0.034,88072
ABS-UF,Summer_3_Block,IMP,BAU,2/21/2018,-0.672,136177
ABS-UF,Summer_3_Block,IMP,BAU,2/21/2018,-0.045,35431
ABS-UF,Summer_3_Block,IMP,BAU,2/21/2018,NA,NA
ABS-UF,East_Marsh_Block_1,SN,ASP,2/21/2018,-0.147,74514
ABS-UF,East_Marsh_Block_1,SN,ASP,2/21/2018,-0.138,40120
ABS-UF,East_Marsh_Block_1,SN,ASP,2/21/2018,-0.053,65205
ABS-UF,East_Marsh_Block_1,SN,ASP,2/21/2018,0.043,129398
ABS-UF,East_Marsh_Block_1,SN,ASP,2/21/2018,0.216,54059
ABS-UF,East_Marsh_Block_1,SN,ASP,2/21/2018,-0.181,22911
ABS-UF,East_Marsh_Block_1,SN,ASP,2/21/2018,-0.122,81006
ABS-UF,East_Marsh_Block_1,SN,ASP,2/21/2018,0.204,71176
ABS-UF,East_Marsh_Block_1,SN,ASP,2/21/2018,-0.404,154560
ABS-UF,Griffin_Park_Block,IMP,BAU,2/19/2018,0.442,104417
ABS-UF,Griffin_Park_Block,IMP,BAU,2/19/2018,-0.252,68639
ABS-UF,Griffin_Park_Block,IMP,BAU,2/19/2018,-0.069,96699
ABS-UF,Griffin_Park_Block,IMP,BAU,2/19/2018,0.147,81119
ABS-UF,Griffin_Park_Block,IMP,BAU,2/19/2018,1.159,78018
ABS-UF,Griffin_Park_Block,IMP,BAU,2/19/2018,-0.175,59336
ABS-UF,Griffin_Park_Block,IMP,BAU,2/19/2018,0.581,81322
ABS-UF,Griffin_Park_Block,IMP,BAU,2/19/2018,0.098,59310
ABS-UF,Griffin_Park_Block,IMP,BAU,2/19/2018,1.116,67025
ABS-UF,Shop_Field_Block,IMP,BAU,2/19/2018,-0.299,85194
ABS-UF,Shop_Field_Block,IMP,BAU,2/19/2018,-0.156,63883
ABS-UF,Shop_Field_Block,IMP,BAU,2/19/2018,-0.062,75002
ABS-UF,West_Marsh_Block_2,SN,BAU,2/20/2018,NA,NA
ABS-UF,West_Marsh_Block_2,SN,BAU,2/20/2018,0.296,37668
ABS-UF,West_Marsh_Block_2,SN,BAU,2/20/2018,0.075,61179
ABS-UF,West_Marsh_Block_3,SN,ASP,2/21/2018,0.231,82003
ABS-UF,West_Marsh_Block_3,SN,ASP,2/21/2018,NA,NA
ABS-UF,West_Marsh_Block_3,SN,ASP,2/21/2018,0.352,34935
ABS-UF,West_Marsh_Block_3,SN,ASP,2/21/2018,0.73,19149
ABS-UF,West_Marsh_Block_3,SN,ASP,2/21/2018,0.295,32695
ABS-UF,West_Marsh_Block_3,SN,ASP,2/21/2018,-0.576,78237
ABS-UF,West_Marsh_Block_3,SN,ASP,2/21/2018,1.168,60297
ABS-UF,West_Marsh_Block_3,SN,ASP,2/21/2018,0.138,61543
ABS-UF,West_Marsh_Block_3,SN,ASP,2/21/2018,1.015,56169
ABS-UF,West_Marsh_Block_4,SN,BAU,2/21/2018,0.086,39773
ABS-UF,West_Marsh_Block_4,SN,BAU,2/21/2018,0.558,41527
ABS-UF,West_Marsh_Block_4,SN,BAU,2/21/2018,0.146,54287
ABS-UF,Tropical_West_Block_2,IMP,ASP,2/20/2018,-0.114,52691
ABS-UF,Tropical_West_Block_2,IMP,ASP,2/20/2018,-0.11,55563
ABS-UF,Tropical_West_Block_2,IMP,ASP,2/20/2018,-0.156,53830
ABS-UF,Tropical_West_Block_2,IMP,ASP,2/20/2018,0.123,88231
ABS-UF,Tropical_West_Block_2,IMP,ASP,2/20/2018,-0.069,20841
ABS-UF,Tropical_West_Block_2,IMP,ASP,2/20/2018,-0.458,47191
ABS-UF,Tropical_West_Block_2,IMP,ASP,2/20/2018,-0.092,7274
ABS-UF,Tropical_West_Block_2,IMP,ASP,2/20/2018,-0.317,6984
ABS-UF,Tropical_West_Block_2,IMP,ASP,2/20/2018,-0.007,14836
ABS-UF,West_Marsh_Block_1,SN,ASP,2/20/2018,-0.704,45106
ABS-UF,West_Marsh_Block_1,SN,ASP,2/20/2018,0.014,51545
ABS-UF,West_Marsh_Block_1,SN,ASP,2/20/2018,0.881,22407
ABS-UF,West_Marsh_Block_1,SN,ASP,2/20/2018,21.005,33496
ABS-UF,West_Marsh_Block_1,SN,ASP,2/20/2018,-0.069,35556
ABS-UF,West_Marsh_Block_1,SN,ASP,2/20/2018,47.337,50533
ABS-UF,West_Marsh_Block_1,SN,ASP,2/20/2018,-0.745,29992
ABS-UF,West_Marsh_Block_1,SN,ASP,2/20/2018,-0.529,40144
ABS-UF,West_Marsh_Block_1,SN,ASP,2/20/2018,1.056,11455
ABS-UF,Tropical_East_Block_1,IMP,BAU,2/20/2018,-0.093,62523
ABS-UF,Tropical_East_Block_1,IMP,BAU,2/20/2018,-0.615,61330
ABS-UF,Tropical_East_Block_1,IMP,BAU,2/20/2018,-0.144,67184
ABS-UF,Tropical_West_Block_1,IMP,BAU,2/20/2018,-0.466,47831
ABS-UF,Tropical_West_Block_1,IMP,BAU,2/20/2018,0.103,59950
ABS-UF,Tropical_West_Block_1,IMP,BAU,2/20/2018,-0.255,46110
ABS-UF,Tropical_East_Block_2,IMP,ASP,2/20/2018,-0.059,22221
ABS-UF,Tropical_East_Block_2,IMP,ASP,2/20/2018,0.218,55098
ABS-UF,Tropical_East_Block_2,IMP,ASP,2/20/2018,1.866,59181
ABS-UF,Tropical_East_Block_2,IMP,ASP,2/20/2018,-0.034,58036
ABS-UF,Tropical_East_Block_2,IMP,ASP,2/20/2018,0.045,69705
ABS-UF,Tropical_East_Block_2,IMP,ASP,2/20/2018,0.568,59413
ABS-UF,Tropical_East_Block_2,IMP,ASP,2/20/2018,-0.086,25899
ABS-UF,Tropical_East_Block_2,IMP,ASP,2/20/2018,-0.102,22131
ABS-UF,Tropical_East_Block_2,IMP,ASP,2/20/2018,-0.12,19848
